Unnamed: 0,customer_id,age_group,city,occupation,gender,marital_status,avg_income,avg_spend_per_month,avg_credit_card_spend_per_month,income_utilization_perc,credit_card_spends_perc,credit_score
0,CUST0001,21-24,Hyderabad,Government Employees,Female,Married,35653,2248.0,820.0,6.31,36.48,420
1,CUST0002,21-24,Chennai,Salaried IT Employees,Male,Single,31355,2558.0,901.0,8.16,35.22,368
2,CUST0003,45+,Bengaluru,Salaried Other Employees,Male,Married,128826,9191.0,2851.0,7.13,31.02,656
3,CUST0004,25-34,Delhi-NCR,Freelancers,Female,Married,74966,4872.0,1707.0,6.5,35.04,522
4,CUST0005,45+,Mumbai,Business Owners,Female,Single,134683,10240.0,5585.0,7.6,54.54,643
5,CUST0007,21-24,Bengaluru,Salaried IT Employees,Female,Married,31726,1305.0,1039.0,4.11,79.62,426
6,CUST0008,35-45,Hyderabad,Salaried Other Employees,Female,Married,84691,3369.0,1948.0,3.98,57.82,587
7,CUST0009,45+,Mumbai,Salaried IT Employees,Male,Married,146631,8405.0,5122.0,5.73,60.94,712
8,CUST0011,25-34,Mumbai,Salaried IT Employees,Male,Married,66976,2028.0,1151.0,3.03,56.76,562
9,CUST0012,45+,Delhi-NCR,Salaried IT Employees,Female,Single,144765,3438.0,1539.0,2.37,44.76,794
10,CUST0013,35-45,Chennai,Salaried Other Employees,Male,Single,119850,6112.0,4038.0,5.1,66.07,650
11,CUST0014,35-45,Chennai,Salaried IT Employees,Male,Married,83287,3388.0,980.0,4.07,28.93,603
12,CUST0015,45+,Hyderabad,Freelancers,Male,Single,151221,8276.0,3724.0,5.47,45.0,742
13,CUST0016,35-45,Bengaluru,Salaried Other Employees,Male,Single,97215,4905.0,3089.0,5.05,62.98,593
14,CUST0018,35-45,Bengaluru,Salaried Other Employees,Female,Married,112745,7986.0,1259.0,7.08,15.77,625
15,CUST0019,21-24,Delhi-NCR,Salaried IT Employees,Female,Single,24098,1081.0,487.0,4.49,45.05,423
16,CUST0020,45+,Hyderabad,Business Owners,Female,Single,128614,6308.0,12321.0,4.9,195.32,581
17,CUST0021,21-24,Chennai,Salaried Other Employees,Female,Single,30325,1281.0,1351.0,4.22,105.46,400
18,CUST0022,21-24,Chennai,Salaried Other Employees,Female,Single,39856,1147.0,723.0,2.88,63.03,488
19,CUST0023,35-45,Hyderabad,Business Owners,Female,Married,113254,6361.0,2152.0,5.62,33.83,645
20,CUST0024,25-34,Mumbai,Government Employees,Female,Single,49109,2322.0,1502.0,4.73,64.69,470
21,CUST0026,21-24,Delhi-NCR,Salaried IT Employees,Male,Single,30311,1814.0,202.0,5.98,11.14,432
22,CUST0028,25-34,Chennai,Salaried IT Employees,Female,Married,59135,3053.0,2774.0,5.16,90.86,467
23,CUST0029,25-34,Hyderabad,Business Owners,Male,Single,44657,2623.0,2201.0,5.87,83.91,418
24,CUST0030,21-24,Chennai,Salaried IT Employees,Female,Single,38231,1841.0,744.0,4.82,40.41,457
25,CUST0031,25-34,Chennai,Business Owners,Male,Married,52115,1791.0,1395.0,3.44,77.89,497
26,CUST0032,25-34,Delhi-NCR,Salaried Other Employees,Female,Married,60821,4863.0,2778.0,8.0,57.13,434
27,CUST0033,25-34,Mumbai,Salaried IT Employees,Female,Married,43092,3992.0,1012.0,9.26,25.35,382
28,CUST0034,45+,Mumbai,Freelancers,Male,Married,143701,10134.0,6282.0,7.05,61.99,674
29,CUST0035,21-24,Delhi-NCR,Government Employees,Male,Married,37879,1124.0,1342.0,2.97,119.4,438
30,CUST0037,45+,Bengaluru,Salaried Other Employees,Female,Single,151643,10375.0,6495.0,6.84,62.6,700
31,CUST0038,35-45,Hyderabad,Business Owners,Female,Married,95850,3492.0,1950.0,3.64,55.84,626
32,CUST0039,35-45,Bengaluru,Freelancers,Male,Married,112570,5443.0,3894.0,4.84,71.54,633
33,CUST0040,25-34,Mumbai,Salaried Other Employees,Female,Single,54573,2761.0,1727.0,5.06,62.55,479
34,CUST0041,21-24,Chennai,Salaried Other Employees,Female,Single,34685,1042.0,747.0,3.0,71.69,464
35,CUST0043,35-45,Hyderabad,Government Employees,Female,Married,100758,2720.0,3121.0,2.7,114.74,616
36,CUST0044,21-24,Delhi-NCR,Freelancers,Female,Married,24100,1246.0,754.0,5.17,60.51,396
37,CUST0046,35-45,Chennai,Salaried Other Employees,Male,Married,113794,6400.0,1285.0,5.62,20.08,657
38,CUST0047,45+,Hyderabad,Business Owners,Male,Married,123107,12361.0,1315.0,10.04,10.64,591
39,CUST0049,25-34,Mumbai,Business Owners,Female,Married,42324,2776.0,1987.0,6.56,71.58,406
40,CUST0051,25-34,Mumbai,Salaried IT Employees,Female,Married,47118,1837.0,993.0,3.9,54.06,491
41,CUST0052,21-24,Hyderabad,Salaried Other Employees,Female,Married,23311,994.0,635.0,4.26,63.88,412
42,CUST0053,35-45,Delhi-NCR,Salaried IT Employees,Male,Single,93526,4702.0,3594.0,5.03,76.44,574
43,CUST0054,21-24,Hyderabad,Salaried IT Employees,Male,Single,34301,1510.0,804.0,4.4,53.25,446
44,CUST0055,21-24,Mumbai,Business Owners,Female,Single,32617,2441.0,1906.0,7.48,78.08,354
45,CUST0056,35-45,Chennai,Freelancers,Male,Married,100630,3988.0,2896.0,3.96,72.62,619
46,CUST0057,45+,Chennai,Salaried IT Employees,Female,Single,136903,6738.0,8142.0,4.92,120.84,659
47,CUST0058,35-45,Mumbai,Salaried Other Employees,Female,Married,92873,7738.0,2651.0,8.33,34.26,530
48,CUST0059,21-24,Bengaluru,Salaried Other Employees,Female,Married,23223,1459.0,1196.0,6.28,81.97,353
49,CUST0061,21-24,Chennai,Salaried IT Employees,Male,Single,20075,1542.0,1007.0,7.68,65.3,326
50,CUST0063,45+,Delhi-NCR,Salaried Other Employees,Female,Single,143769,9518.0,1505.0,6.62,15.81,718
51,CUST0064,21-24,Delhi-NCR,Business Owners,Female,Married,38580,1071.0,1633.0,2.78,152.47,419
52,CUST0065,45+,Chennai,Salaried IT Employees,Male,Married,140006,7524.0,1510.0,5.37,20.07,733
53,CUST0066,35-45,Bengaluru,Freelancers,Male,Married,107661,6498.0,2592.0,6.04,39.89,616
54,CUST0067,45+,Delhi-NCR,Business Owners,Male,Married,138149,2288.0,2397.0,1.66,104.76,747
55,CUST0068,25-34,Mumbai,Freelancers,Male,Single,51437,1875.0,1802.0,3.65,96.11,477
56,CUST0069,45+,Delhi-NCR,Salaried IT Employees,Male,Married,135337,6301.0,4734.0,4.66,75.13,695
57,CUST0070,25-34,Delhi-NCR,Salaried Other Employees,Male,Married,70578,3537.0,2417.0,5.01,68.33,518
58,CUST0071,35-45,Delhi-NCR,Salaried IT Employees,Male,Single,110513,3923.0,4246.0,3.55,108.23,628
59,CUST0072,45+,Hyderabad,Freelancers,Male,Married,136487,3859.0,4876.0,2.83,126.35,700
60,CUST0074,45+,Chennai,Salaried IT Employees,Male,Married,123971,5738.0,2508.0,4.63,43.71,689
61,CUST0075,35-45,Bengaluru,Salaried Other Employees,Female,Married,110722,6731.0,3458.0,6.08,51.37,615
62,CUST0076,35-45,Bengaluru,Business Owners,Male,Married,103242,5416.0,5223.0,5.25,96.44,580
63,CUST0078,21-24,Hyderabad,Business Owners,Female,Single,32034,1419.0,1419.0,4.43,100.0,404
64,CUST0079,35-45,Bengaluru,Business Owners,Female,Single,87077,4412.0,3025.0,5.07,68.56,561
65,CUST0080,45+,Delhi-NCR,Freelancers,Female,Single,149590,10831.0,3129.0,7.24,28.89,710
66,CUST0081,25-34,Bengaluru,Salaried Other Employees,Male,Single,45760,1179.0,789.0,2.58,66.92,507
67,CUST0082,45+,Mumbai,Salaried IT Employees,Male,Married,156922,3894.0,1708.0,2.48,43.86,825
68,CUST0083,45+,Mumbai,Salaried IT Employees,Male,Single,123652,7414.0,6586.0,6.0,88.83,623
69,CUST0084,35-45,Chennai,Salaried Other Employees,Female,Married,82943,4858.0,2023.0,5.86,41.64,553
70,CUST0085,21-24,Hyderabad,Salaried IT Employees,Female,Married,38899,1569.0,2039.0,4.03,129.96,409
71,CUST0086,45+,Hyderabad,Salaried IT Employees,Female,Single,144535,3220.0,1558.0,2.23,48.39,794
72,CUST0087,35-45,Bengaluru,Salaried IT Employees,Male,Single,86085,6514.0,3771.0,7.57,57.89,511
73,CUST0088,25-34,Hyderabad,Freelancers,Female,Single,53542,1467.0,794.0,2.74,54.12,534
74,CUST0089,45+,Hyderabad,Salaried Other Employees,Female,Married,123753,5554.0,6722.0,4.49,121.03,633
75,CUST0090,25-34,Bengaluru,Salaried Other Employees,Female,Single,72446,1405.0,822.0,1.94,58.51,599
76,CUST0091,35-45,Mumbai,Government Employees,Male,Single,89349,4006.0,1953.0,4.48,48.75,595
77,CUST0093,35-45,Chennai,Salaried IT Employees,Male,Married,108554,2872.0,4219.0,2.65,146.9,614
78,CUST0094,35-45,Mumbai,Government Employees,Female,Single,119352,5705.0,746.0,4.78,13.08,696
79,CUST0096,21-24,Hyderabad,Salaried Other Employees,Female,Married,38596,1372.0,535.0,3.55,38.99,487
80,CUST0097,25-34,Bengaluru,Salaried IT Employees,Male,Married,52609,1794.0,1503.0,3.41,83.78,494
81,CUST0098,21-24,Chennai,Freelancers,Male,Married,26229,1221.0,1102.0,4.66,90.25,391
82,CUST0100,45+,Bengaluru,Salaried IT Employees,Male,Married,132755,7145.0,4070.0,5.38,56.96,686
83,CUST0101,45+,Bengaluru,Salaried Other Employees,Male,Single,143372,6995.0,7010.0,4.88,100.21,693
84,CUST0102,25-34,Delhi-NCR,Salaried Other Employees,Male,Single,49507,2553.0,1396.0,5.16,54.68,469
85,CUST0103,45+,Delhi-NCR,Salaried Other Employees,Female,Single,139998,8146.0,3807.0,5.82,46.73,703
86,CUST0104,45+,Hyderabad,Government Employees,Female,Single,131890,8513.0,6163.0,6.45,72.4,648
87,CUST0106,21-24,Mumbai,Salaried Other Employees,Male,Married,26155,1795.0,651.0,6.86,36.27,382
88,CUST0107,21-24,Mumbai,Business Owners,Female,Single,31770,1587.0,1046.0,5.0,65.91,416
89,CUST0108,35-45,Bengaluru,Salaried Other Employees,Male,Married,89766,3319.0,4869.0,3.7,146.7,540
90,CUST0109,25-34,Delhi-NCR,Business Owners,Male,Married,59343,1437.0,1042.0,2.42,72.51,543
91,CUST0110,45+,Chennai,Business Owners,Male,Married,157701,7262.0,13091.0,4.6,180.27,677
92,CUST0111,25-34,Delhi-NCR,Salaried Other Employees,Male,Married,51582,2452.0,3568.0,4.75,145.51,415
93,CUST0112,35-45,Delhi-NCR,Business Owners,Female,Married,118986,7879.0,3719.0,6.62,47.2,628
94,CUST0113,35-45,Chennai,Salaried Other Employees,Female,Married,92550,3877.0,1666.0,4.19,42.97,615
95,CUST0114,45+,Delhi-NCR,Freelancers,Female,Married,152863,3872.0,3638.0,2.53,93.96,775
96,CUST0115,35-45,Chennai,Government Employees,Female,Single,102973,4319.0,5346.0,4.19,123.78,582
97,CUST0116,45+,Bengaluru,Salaried Other Employees,Female,Married,159281,5653.0,2771.0,3.55,49.02,804
98,CUST0117,35-45,Chennai,Freelancers,Female,Single,103819,5801.0,3239.0,5.59,55.84,604
99,CUST0118,35-45,Mumbai,Salaried IT Employees,Female,Married,85135,2699.0,1528.0,3.17,56.61,607
100,CUST0119,45+,Chennai,Salaried Other Employees,Female,Single,132957,7981.0,3526.0,6.0,44.18,682
101,CUST0120,35-45,Delhi-NCR,Business Owners,Male,Single,111488,3170.0,567.0,2.84,17.89,715
102,CUST0121,35-45,Bengaluru,Salaried IT Employees,Female,Married,112677,7012.0,3141.0,6.22,44.79,622
103,CUST0122,35-45,Chennai,Business Owners,Female,Married,94536,3676.0,4232.0,3.89,115.13,573
104,CUST0123,25-34,Delhi-NCR,Freelancers,Female,Married,51271,1360.0,429.0,2.65,31.54,547
105,CUST0124,21-24,Chennai,Business Owners,Male,Married,25768,1010.0,373.0,3.92,36.93,446
106,CUST0125,25-34,Bengaluru,Business Owners,Male,Married,43231,1726.0,1016.0,3.99,58.86,475
107,CUST0128,25-34,Bengaluru,Salaried IT Employees,Female,Married,79110,5785.0,2289.0,7.31,39.57,512
108,CUST0129,25-34,Delhi-NCR,Salaried Other Employees,Male,Married,61341,3466.0,969.0,5.65,27.96,510
109,CUST0130,25-34,Bengaluru,Salaried Other Employees,Female,Single,41229,2378.0,2156.0,5.77,90.66,406
110,CUST0131,45+,Bengaluru,Salaried Other Employees,Male,Single,156848,10655.0,5540.0,6.79,51.99,723
111,CUST0132,35-45,Delhi-NCR,Salaried Other Employees,Female,Married,101520,5034.0,2786.0,4.96,55.34,612
112,CUST0134,21-24,Bengaluru,Freelancers,Female,Married,35158,2136.0,1219.0,6.08,57.07,408
113,CUST0135,25-34,Bengaluru,Government Employees,Female,Single,77618,2129.0,1222.0,2.74,57.4,596
114,CUST0137,25-34,Bengaluru,Freelancers,Female,Single,45299,1814.0,2463.0,4.0,135.78,422
115,CUST0138,35-45,Mumbai,Salaried IT Employees,Male,Married,107865,4508.0,2912.0,4.18,64.6,640
116,CUST0139,25-34,Mumbai,Freelancers,Male,Single,79436,3292.0,4006.0,4.14,121.69,522
117,CUST0140,35-45,Mumbai,Freelancers,Male,Married,81360,5964.0,3360.0,7.33,56.34,505
118,CUST0141,21-24,Mumbai,Salaried IT Employees,Male,Married,38575,2377.0,1618.0,6.16,68.07,407
119,CUST0143,35-45,Chennai,Government Employees,Female,Married,84581,2652.0,2700.0,3.14,101.81,573
120,CUST0144,21-24,Delhi-NCR,Government Employees,Male,Married,39784,1456.0,1299.0,3.66,89.22,450
121,CUST0145,21-24,Bengaluru,Government Employees,Male,Married,21995,821.0,852.0,3.73,103.78,390
122,CUST0146,35-45,Hyderabad,Salaried Other Employees,Female,Married,80270,4963.0,3451.0,6.18,69.53,517
123,CUST0149,21-24,Hyderabad,Salaried IT Employees,Female,Married,20592,1071.0,205.0,5.2,19.14,417
124,CUST0150,21-24,Bengaluru,Government Employees,Female,Single,22877,1250.0,1338.0,5.46,107.04,351
125,CUST0151,35-45,Chennai,Government Employees,Female,Single,114440,6856.0,4107.0,5.99,59.9,621
126,CUST0152,45+,Chennai,Business Owners,Male,Single,146326,6346.0,4732.0,4.34,74.57,732
127,CUST0153,45+,Hyderabad,Salaried IT Employees,Male,Single,136708,4872.0,2487.0,3.56,51.05,741
128,CUST0154,45+,Delhi-NCR,Salaried IT Employees,Female,Single,121165,3062.0,3740.0,2.53,122.14,669
129,CUST0155,35-45,Hyderabad,Salaried Other Employees,Male,Married,82629,3803.0,4330.0,4.6,113.86,526
130,CUST0156,25-34,Chennai,Salaried IT Employees,Female,Single,62660,3739.0,3626.0,5.97,96.98,454
131,CUST0157,21-24,Hyderabad,Freelancers,Female,Single,36853,1254.0,482.0,3.4,38.44,486
132,CUST0158,35-45,Mumbai,Freelancers,Female,Single,115247,5585.0,3916.0,4.85,70.12,641
133,CUST0159,45+,Mumbai,Salaried Other Employees,Male,Married,144674,5433.0,4323.0,3.76,79.57,737
134,CUST0160,21-24,Delhi-NCR,Salaried IT Employees,Male,Single,38259,1202.0,240.0,3.14,19.97,510
135,CUST0161,21-24,Hyderabad,Salaried IT Employees,Female,Single,34078,1234.0,1129.0,3.62,91.49,434
136,CUST0162,45+,Hyderabad,Salaried IT Employees,Male,Single,143731,4430.0,4007.0,3.08,90.45,741
137,CUST0164,21-24,Hyderabad,Salaried IT Employees,Male,Single,24553,938.0,849.0,3.82,90.51,405
138,CUST0166,25-34,Chennai,Freelancers,Male,Married,70552,7299.0,2512.0,10.35,34.42,425
139,CUST0167,25-34,Bengaluru,Salaried IT Employees,Female,Single,75845,3821.0,3875.0,5.04,101.41,507
140,CUST0168,35-45,Delhi-NCR,Government Employees,Male,Single,80589,4133.0,2873.0,5.13,69.51,542
141,CUST0169,21-24,Chennai,Business Owners,Male,Married,32355,904.0,841.0,2.79,93.03,447
142,CUST0170,25-34,Chennai,Government Employees,Female,Single,49625,2817.0,1000.0,5.68,35.5,472
143,CUST0171,21-24,Chennai,Government Employees,Male,Single,32072,2020.0,2003.0,6.3,99.16,363
144,CUST0172,45+,Hyderabad,Salaried Other Employees,Female,Married,144472,10610.0,6004.0,7.34,56.59,674
145,CUST0175,45+,Bengaluru,Salaried Other Employees,Female,Single,130541,7215.0,4264.0,5.53,59.1,675
146,CUST0177,35-45,Mumbai,Government Employees,Female,Married,104568,6158.0,3154.0,5.89,51.22,603
147,CUST0178,45+,Chennai,Salaried Other Employees,Female,Single,149306,7830.0,4708.0,5.24,60.13,731
148,CUST0179,35-45,Delhi-NCR,Salaried Other Employees,Male,Single,111835,2360.0,567.0,2.11,24.03,727
149,CUST0180,21-24,Hyderabad,Salaried IT Employees,Female,Single,23102,811.0,1132.0,3.51,139.58,371
150,CUST0181,21-24,Mumbai,Salaried Other Employees,Male,Single,37469,1596.0,1669.0,4.26,104.57,419
151,CUST0182,25-34,Chennai,Salaried Other Employees,Male,Single,43101,2192.0,1871.0,5.09,85.36,430
152,CUST0183,25-34,Hyderabad,Business Owners,Female,Married,58860,2962.0,1310.0,5.03,44.23,505
153,CUST0184,35-45,Delhi-NCR,Freelancers,Male,Married,101147,5720.0,946.0,5.66,16.54,625
154,CUST0186,25-34,Mumbai,Freelancers,Female,Married,46678,3208.0,1392.0,6.87,43.39,432
155,CUST0187,25-34,Mumbai,Freelancers,Female,Married,73969,1728.0,2088.0,2.34,120.83,548
156,CUST0188,25-34,Chennai,Salaried Other Employees,Female,Married,49641,2310.0,491.0,4.65,21.26,506
157,CUST0189,21-24,Hyderabad,Freelancers,Male,Single,37321,1688.0,1414.0,4.52,83.77,429
158,CUST0190,25-34,Bengaluru,Salaried IT Employees,Male,Single,58335,3904.0,4005.0,6.69,102.59,422
159,CUST0191,21-24,Hyderabad,Salaried Other Employees,Male,Married,34782,1520.0,1433.0,4.37,94.28,417
160,CUST0192,45+,Delhi-NCR,Salaried IT Employees,Male,Married,139351,7921.0,3214.0,5.68,40.58,709
161,CUST0193,45+,Delhi-NCR,Salaried IT Employees,Female,Married,133182,11228.0,2404.0,8.43,21.41,645
162,CUST0194,45+,Chennai,Salaried Other Employees,Female,Married,136611,6020.0,4561.0,4.41,75.76,704
163,CUST0195,35-45,Bengaluru,Salaried Other Employees,Female,Married,102861,4322.0,3738.0,4.2,86.49,610
164,CUST0196,21-24,Chennai,Business Owners,Male,Single,31323,1279.0,373.0,4.08,29.16,463
165,CUST0197,25-34,Delhi-NCR,Business Owners,Female,Single,78723,3148.0,3266.0,4.0,103.75,536
166,CUST0200,45+,Bengaluru,Salaried IT Employees,Female,Married,142535,7338.0,2857.0,5.15,38.93,731
167,CUST0201,21-24,Hyderabad,Salaried IT Employees,Female,Married,39356,1384.0,347.0,3.52,25.07,500
168,CUST0202,25-34,Hyderabad,Salaried Other Employees,Male,Married,76274,4561.0,1794.0,5.98,39.33,534
169,CUST0203,35-45,Chennai,Government Employees,Female,Single,86171,4563.0,3725.0,5.3,81.63,544
170,CUST0204,25-34,Hyderabad,Salaried Other Employees,Male,Married,75691,2371.0,2546.0,3.13,107.38,545
171,CUST0205,45+,Mumbai,Salaried Other Employees,Male,Single,122735,3512.0,4681.0,2.86,133.29,658
172,CUST0206,21-24,Mumbai,Salaried IT Employees,Female,Single,24976,1374.0,614.0,5.5,44.69,403
173,CUST0209,35-45,Hyderabad,Salaried IT Employees,Male,Married,112595,5931.0,2178.0,5.27,36.72,649
174,CUST0210,25-34,Delhi-NCR,Business Owners,Male,Married,70898,3048.0,2066.0,4.3,67.78,536
175,CUST0211,21-24,Delhi-NCR,Salaried Other Employees,Female,Single,22879,988.0,257.0,4.32,26.01,438
176,CUST0212,21-24,Bengaluru,Salaried Other Employees,Male,Married,34782,1359.0,513.0,3.91,37.75,470
177,CUST0213,25-34,Chennai,Salaried IT Employees,Male,Married,57978,2842.0,2623.0,4.9,92.29,469
178,CUST0214,35-45,Mumbai,Freelancers,Female,Married,86685,7952.0,3612.0,9.17,45.42,486
179,CUST0215,35-45,Mumbai,Business Owners,Female,Single,87672,3634.0,3386.0,4.14,93.18,565
180,CUST0216,45+,Chennai,Salaried IT Employees,Female,Married,133736,6795.0,2108.0,5.08,31.02,714
181,CUST0217,21-24,Hyderabad,Salaried IT Employees,Female,Married,38272,678.0,246.0,1.77,36.28,528
182,CUST0218,45+,Bengaluru,Salaried Other Employees,Female,Single,149157,3094.0,1873.0,2.07,60.54,801
183,CUST0219,35-45,Hyderabad,Government Employees,Female,Single,106325,2566.0,3489.0,2.41,135.97,622
184,CUST0220,45+,Chennai,Salaried Other Employees,Male,Married,159013,10180.0,3758.0,6.4,36.92,748
185,CUST0221,35-45,Bengaluru,Freelancers,Male,Single,92038,2768.0,3828.0,3.01,138.29,568
186,CUST0223,45+,Mumbai,Salaried IT Employees,Female,Married,149864,9635.0,7169.0,6.43,74.41,695
187,CUST0224,21-24,Hyderabad,Salaried Other Employees,Male,Married,31247,2578.0,1491.0,8.25,57.84,349
188,CUST0226,45+,Chennai,Salaried IT Employees,Male,Single,145669,10432.0,14607.0,7.16,140.02,618
189,CUST0227,35-45,Chennai,Business Owners,Male,Married,102969,2685.0,760.0,2.61,28.31,689
190,CUST0229,21-24,Chennai,Business Owners,Male,Single,25625,1137.0,1254.0,4.44,110.29,379
191,CUST0230,21-24,Mumbai,Salaried Other Employees,Male,Married,36476,949.0,568.0,2.6,59.85,487
192,CUST0231,25-34,Hyderabad,Salaried Other Employees,Female,Single,49179,2586.0,1881.0,5.26,72.74,452
193,CUST0232,21-24,Mumbai,Salaried Other Employees,Female,Married,24586,1437.0,1341.0,5.84,93.32,358
194,CUST0233,35-45,Bengaluru,Freelancers,Male,Single,86599,2864.0,772.0,3.31,26.96,630
195,CUST0235,25-34,Delhi-NCR,Business Owners,Female,Married,66032,1630.0,2239.0,2.47,137.36,511
196,CUST0236,45+,Chennai,Salaried IT Employees,Female,Married,139027,8105.0,5290.0,5.83,65.27,686
197,CUST0238,35-45,Chennai,Freelancers,Male,Single,98380,1969.0,1530.0,2.0,77.7,653
198,CUST0239,25-34,Mumbai,Salaried IT Employees,Male,Single,65583,3419.0,3148.0,5.21,92.07,483
199,CUST0240,45+,Hyderabad,Freelancers,Female,Single,137783,8843.0,5673.0,6.42,64.15,671
200,CUST0241,45+,Bengaluru,Government Employees,Female,Single,137311,7323.0,6418.0,5.33,87.64,676
201,CUST0242,21-24,Hyderabad,Salaried IT Employees,Female,Married,33626,2205.0,833.0,6.56,37.78,408
202,CUST0243,45+,Bengaluru,Salaried Other Employees,Female,Single,125862,5596.0,3860.0,4.45,68.98,679
203,CUST0244,35-45,Chennai,Salaried IT Employees,Female,Married,114477,7394.0,8181.0,6.46,110.64,572
204,CUST0245,45+,Bengaluru,Salaried IT Employees,Male,Married,134748,8731.0,2479.0,6.48,28.39,688
205,CUST0246,35-45,Bengaluru,Salaried Other Employees,Female,Married,118074,9492.0,3311.0,8.04,34.88,604
206,CUST0247,35-45,Mumbai,Business Owners,Female,Married,86194,6404.0,3560.0,7.43,55.59,516
207,CUST0248,21-24,Delhi-NCR,Freelancers,Female,Single,20878,869.0,111.0,4.16,12.77,446
208,CUST0250,35-45,Hyderabad,Business Owners,Male,Single,99519,5868.0,1972.0,5.9,33.61,602
209,CUST0251,45+,Chennai,Salaried IT Employees,Female,Single,132020,4738.0,2362.0,3.59,49.85,729
210,CUST0252,45+,Chennai,Salaried Other Employees,Male,Single,155990,3781.0,3252.0,2.42,86.01,792
211,CUST0253,35-45,Bengaluru,Government Employees,Male,Single,116684,5932.0,5949.0,5.08,100.29,617
212,CUST0254,45+,Chennai,Salaried IT Employees,Male,Single,131911,3818.0,2169.0,2.89,56.81,739
213,CUST0256,45+,Delhi-NCR,Salaried Other Employees,Male,Married,147838,5157.0,4645.0,3.49,90.07,743
214,CUST0258,35-45,Bengaluru,Business Owners,Male,Single,94960,2641.0,1451.0,2.78,54.94,644
215,CUST0259,35-45,Hyderabad,Freelancers,Male,Married,101616,3439.0,3744.0,3.38,108.87,608
216,CUST0262,45+,Mumbai,Freelancers,Female,Single,153984,7954.0,4630.0,5.17,58.21,746
217,CUST0263,21-24,Mumbai,Government Employees,Female,Single,39940,2400.0,1503.0,6.01,62.62,418
218,CUST0264,45+,Delhi-NCR,Government Employees,Male,Single,141033,2242.0,2013.0,1.59,89.79,768
219,CUST0266,21-24,Hyderabad,Business Owners,Male,Single,20591,1221.0,900.0,5.93,73.71,360
220,CUST0267,25-34,Bengaluru,Salaried IT Employees,Male,Married,55728,2396.0,1210.0,4.3,50.5,508
221,CUST0268,35-45,Hyderabad,Government Employees,Male,Married,107885,3464.0,2237.0,3.21,64.58,662
222,CUST0269,45+,Delhi-NCR,Salaried Other Employees,Male,Married,147369,7276.0,5768.0,4.94,79.27,718
223,CUST0270,45+,Bengaluru,Salaried IT Employees,Female,Married,138450,8323.0,5484.0,6.01,65.89,680
224,CUST0272,25-34,Delhi-NCR,Government Employees,Female,Married,78902,6766.0,2379.0,8.58,35.16,486
225,CUST0273,35-45,Chennai,Salaried Other Employees,Male,Single,115854,4269.0,4902.0,3.68,114.83,635
226,CUST0274,25-34,Bengaluru,Business Owners,Female,Married,75201,2164.0,1822.0,2.88,84.2,566
227,CUST0275,35-45,Chennai,Salaried IT Employees,Female,Single,81623,4415.0,2281.0,5.41,51.66,552
228,CUST0276,45+,Delhi-NCR,Business Owners,Male,Single,121611,10162.0,4008.0,8.36,39.44,602
229,CUST0277,45+,Hyderabad,Freelancers,Male,Single,137961,4077.0,1998.0,2.96,49.01,760
230,CUST0278,21-24,Bengaluru,Salaried IT Employees,Male,Married,39794,2048.0,1843.0,5.15,89.99,416
231,CUST0281,25-34,Chennai,Salaried Other Employees,Male,Married,43006,850.0,1116.0,1.98,131.29,465
232,CUST0282,35-45,Bengaluru,Salaried Other Employees,Female,Single,110008,4514.0,1834.0,4.1,40.63,665
233,CUST0283,21-24,Bengaluru,Freelancers,Male,Single,34682,2391.0,1582.0,6.89,66.16,382
234,CUST0284,45+,Bengaluru,Salaried IT Employees,Female,Married,121457,2810.0,1640.0,2.31,58.36,723
235,CUST0285,21-24,Hyderabad,Government Employees,Male,Married,25609,1533.0,618.0,5.99,40.31,397
236,CUST0286,25-34,Bengaluru,Freelancers,Male,Single,49657,2489.0,2473.0,5.01,99.36,439
237,CUST0287,21-24,Chennai,Salaried IT Employees,Female,Single,29656,1409.0,962.0,4.75,68.28,414
238,CUST0288,45+,Hyderabad,Salaried Other Employees,Male,Single,135696,5764.0,2372.0,4.25,41.15,731
239,CUST0289,21-24,Mumbai,Salaried Other Employees,Male,Married,29330,1079.0,900.0,3.68,83.41,426
240,CUST0290,25-34,Chennai,Salaried Other Employees,Female,Married,78737,5825.0,2177.0,7.4,37.37,510
241,CUST0291,45+,Chennai,Government Employees,Male,Single,155018,8055.0,3389.0,5.2,42.07,761
242,CUST0292,35-45,Mumbai,Business Owners,Male,Single,118446,7702.0,5261.0,6.5,68.31,614
243,CUST0293,35-45,Hyderabad,Freelancers,Female,Single,115449,6338.0,3762.0,5.49,59.36,635
244,CUST0294,45+,Bengaluru,Salaried IT Employees,Male,Married,142379,3598.0,1350.0,2.53,37.52,790
245,CUST0295,45+,Chennai,Salaried IT Employees,Female,Single,132932,6162.0,2208.0,4.64,35.83,719
246,CUST0297,25-34,Bengaluru,Business Owners,Female,Married,57181,2394.0,1880.0,4.19,78.53,493
247,CUST0298,45+,Hyderabad,Salaried IT Employees,Male,Married,143102,5439.0,3689.0,3.8,67.82,741
248,CUST0299,25-34,Chennai,Salaried IT Employees,Male,Married,55177,2852.0,1262.0,5.17,44.25,492
249,CUST0301,25-34,Bengaluru,Business Owners,Male,Single,64691,2348.0,1449.0,3.63,61.71,538
250,CUST0303,21-24,Mumbai,Salaried Other Employees,Female,Single,23151,1045.0,1130.0,4.51,108.13,372
251,CUST0304,35-45,Bengaluru,Salaried Other Employees,Male,Married,105660,2908.0,984.0,2.75,33.84,689
252,CUST0305,45+,Hyderabad,Government Employees,Male,Married,154411,6064.0,3603.0,3.93,59.42,774
253,CUST0306,35-45,Delhi-NCR,Salaried IT Employees,Male,Married,82045,3833.0,1956.0,4.67,51.03,570
254,CUST0308,21-24,Bengaluru,Salaried IT Employees,Male,Married,38083,2349.0,2182.0,6.17,92.89,387
255,CUST0309,35-45,Hyderabad,Salaried IT Employees,Female,Single,117532,7746.0,3174.0,6.59,40.98,630
256,CUST0310,35-45,Delhi-NCR,Salaried IT Employees,Male,Single,107386,3186.0,2346.0,2.97,73.63,659
257,CUST0311,45+,Delhi-NCR,Business Owners,Male,Single,157286,9981.0,4823.0,6.35,48.32,736
258,CUST0314,45+,Mumbai,Salaried Other Employees,Female,Married,137101,5464.0,1836.0,3.99,33.6,746
259,CUST0315,35-45,Delhi-NCR,Salaried IT Employees,Male,Single,93068,7449.0,4664.0,8.0,62.61,516
260,CUST0316,35-45,Mumbai,Salaried Other Employees,Female,Single,119106,7121.0,5860.0,5.98,82.29,617
261,CUST0317,45+,Hyderabad,Salaried Other Employees,Female,Married,139335,4863.0,3739.0,3.49,76.89,730
262,CUST0318,45+,Chennai,Government Employees,Female,Single,146852,7770.0,1049.0,5.29,13.5,758
263,CUST0319,35-45,Hyderabad,Business Owners,Female,Married,96926,5277.0,2740.0,5.44,51.92,592
264,CUST0321,25-34,Hyderabad,Business Owners,Male,Single,55407,1306.0,1155.0,2.36,88.44,522
265,CUST0324,45+,Bengaluru,Government Employees,Female,Single,149690,11145.0,4659.0,7.45,41.8,696
266,CUST0326,35-45,Hyderabad,Salaried Other Employees,Female,Single,96115,4345.0,3627.0,4.52,83.48,587
267,CUST0327,45+,Mumbai,Business Owners,Female,Single,136931,3749.0,624.0,2.74,16.64,786
268,CUST0328,45+,Delhi-NCR,Salaried IT Employees,Male,Single,155719,5636.0,7193.0,3.62,127.63,733
269,CUST0330,25-34,Delhi-NCR,Salaried IT Employees,Male,Single,61211,2840.0,1458.0,4.64,51.34,514
270,CUST0331,45+,Bengaluru,Salaried Other Employees,Male,Married,128063,5328.0,3790.0,4.16,71.13,690
271,CUST0333,25-34,Hyderabad,Salaried Other Employees,Male,Single,45485,690.0,444.0,1.52,64.35,532
272,CUST0335,21-24,Hyderabad,Business Owners,Female,Single,35871,1781.0,1605.0,4.97,90.12,410
273,CUST0336,45+,Chennai,Salaried IT Employees,Female,Single,129599,5613.0,4133.0,4.33,73.63,688
274,CUST0337,21-24,Delhi-NCR,Salaried Other Employees,Female,Single,33400,1467.0,839.0,4.39,57.19,441
275,CUST0338,45+,Hyderabad,Freelancers,Male,Married,132697,11193.0,1070.0,8.44,9.56,653
276,CUST0339,21-24,Bengaluru,Salaried Other Employees,Female,Single,32182,1507.0,530.0,4.68,35.17,448
277,CUST0340,25-34,Chennai,Salaried Other Employees,Female,Married,52820,4621.0,2259.0,8.75,48.89,402
278,CUST0341,45+,Bengaluru,Freelancers,Male,Married,121014,5630.0,2781.0,4.65,49.4,676
279,CUST0343,21-24,Chennai,Salaried Other Employees,Female,Single,33169,1393.0,831.0,4.2,59.66,443
280,CUST0344,45+,Bengaluru,Salaried Other Employees,Female,Single,138311,4544.0,3276.0,3.29,72.1,736
281,CUST0345,35-45,Hyderabad,Salaried IT Employees,Female,Married,102737,5035.0,7555.0,4.9,150.05,546
282,CUST0348,21-24,Chennai,Government Employees,Female,Married,23695,1903.0,905.0,8.03,47.56,341
283,CUST0349,35-45,Bengaluru,Salaried Other Employees,Female,Single,106504,3549.0,2097.0,3.33,59.09,659
284,CUST0350,45+,Chennai,Salaried IT Employees,Male,Married,157637,5657.0,4447.0,3.59,78.61,776
285,CUST0351,35-45,Delhi-NCR,Salaried IT Employees,Male,Married,97102,4833.0,3221.0,4.98,66.65,592
286,CUST0352,45+,Chennai,Salaried Other Employees,Male,Married,122593,6890.0,4395.0,5.62,63.79,648
287,CUST0353,21-24,Chennai,Salaried IT Employees,Male,Married,30770,1188.0,904.0,3.86,76.09,431
288,CUST0354,21-24,Delhi-NCR,Business Owners,Male,Single,28962,1209.0,1234.0,4.17,102.07,400
289,CUST0356,35-45,Chennai,Salaried Other Employees,Female,Married,111820,3060.0,3060.0,2.74,100.0,656
290,CUST0357,25-34,Hyderabad,Freelancers,Female,Married,55223,2025.0,2130.0,3.67,105.19,479
291,CUST0358,21-24,Chennai,Business Owners,Female,Married,33905,1457.0,278.0,4.3,19.08,473
292,CUST0359,45+,Bengaluru,Salaried IT Employees,Male,Married,141472,11439.0,5402.0,8.09,47.22,656
293,CUST0360,21-24,Chennai,Freelancers,Female,Single,20962,714.0,384.0,3.41,53.78,432
294,CUST0361,21-24,Chennai,Salaried Other Employees,Female,Single,35477,2007.0,1281.0,5.66,63.83,413
295,CUST0362,45+,Mumbai,Freelancers,Male,Single,143105,5413.0,5046.0,3.78,93.22,722
296,CUST0363,25-34,Bengaluru,Salaried Other Employees,Male,Married,46540,2265.0,1546.0,4.87,68.26,457
297,CUST0364,35-45,Bengaluru,Salaried Other Employees,Female,Married,98260,9698.0,2768.0,9.87,28.54,514
298,CUST0365,21-24,Hyderabad,Salaried Other Employees,Female,Married,27417,1027.0,793.0,3.75,77.22,424
299,CUST0366,21-24,Hyderabad,Salaried Other Employees,Male,Married,34000,2547.0,1695.0,7.49,66.55,366
300,CUST0367,35-45,Chennai,Salaried Other Employees,Female,Married,110839,5951.0,2755.0,5.37,46.29,635
301,CUST0369,35-45,Chennai,Salaried IT Employees,Male,Married,110631,5935.0,3453.0,5.36,58.18,626
302,CUST0370,35-45,Mumbai,Salaried IT Employees,Male,Single,92446,4412.0,2031.0,4.77,46.03,599
303,CUST0371,35-45,Chennai,Salaried Other Employees,Female,Single,92351,4447.0,9248.0,4.82,207.96,476
304,CUST0372,45+,Mumbai,Salaried Other Employees,Female,Married,144447,5719.0,1745.0,3.96,30.51,769
305,CUST0373,25-34,Chennai,Business Owners,Male,Single,62128,2328.0,2496.0,3.75,107.22,495
306,CUST0374,25-34,Hyderabad,Salaried IT Employees,Male,Married,71075,3890.0,3041.0,5.47,78.17,502
307,CUST0376,25-34,Hyderabad,Salaried Other Employees,Male,Married,66124,3630.0,3827.0,5.49,105.43,468
308,CUST0377,25-34,Delhi-NCR,Salaried Other Employees,Female,Single,52973,3095.0,652.0,5.84,21.07,488
309,CUST0379,21-24,Bengaluru,Salaried Other Employees,Female,Single,23478,909.0,795.0,3.87,87.46,403
310,CUST0380,45+,Chennai,Salaried Other Employees,Female,Married,153664,11798.0,5988.0,7.68,50.75,695
311,CUST0383,25-34,Delhi-NCR,Business Owners,Male,Married,76603,3536.0,2111.0,4.62,59.7,550
312,CUST0384,25-34,Mumbai,Business Owners,Male,Single,76046,3290.0,3331.0,4.33,101.25,524
313,CUST0385,45+,Bengaluru,Government Employees,Male,Single,138068,7417.0,3861.0,5.37,52.06,704
314,CUST0386,35-45,Bengaluru,Salaried IT Employees,Female,Single,104532,6824.0,3215.0,6.53,47.11,592
315,CUST0387,45+,Delhi-NCR,Salaried Other Employees,Female,Single,141576,7173.0,7024.0,5.07,97.92,685
316,CUST0388,35-45,Delhi-NCR,Salaried Other Employees,Male,Single,101344,1325.0,1473.0,1.31,111.17,651
317,CUST0389,21-24,Mumbai,Salaried Other Employees,Male,Single,39081,2864.0,1079.0,7.33,37.67,405
318,CUST0390,45+,Bengaluru,Government Employees,Female,Single,139513,2971.0,2971.0,2.13,100.0,744
319,CUST0391,35-45,Delhi-NCR,Business Owners,Female,Single,103960,6744.0,2829.0,6.49,41.95,595
320,CUST0392,25-34,Delhi-NCR,Salaried IT Employees,Male,Single,71908,4210.0,1546.0,5.85,36.72,527
321,CUST0395,35-45,Hyderabad,Salaried IT Employees,Male,Single,102429,5556.0,3795.0,5.42,68.3,595
322,CUST0396,35-45,Chennai,Salaried Other Employees,Male,Single,83370,4596.0,2401.0,5.51,52.24,554
323,CUST0397,45+,Hyderabad,Freelancers,Female,Married,136690,6070.0,1893.0,4.44,31.19,737
324,CUST0398,35-45,Mumbai,Freelancers,Female,Married,116103,4789.0,5104.0,4.12,106.58,632
325,CUST0400,35-45,Mumbai,Freelancers,Male,Single,99076,4497.0,3695.0,4.54,82.17,595
326,CUST0401,25-34,Bengaluru,Salaried IT Employees,Female,Married,43350,2427.0,1742.0,5.6,71.78,430
327,CUST0402,45+,Delhi-NCR,Salaried IT Employees,Female,Single,156818,7275.0,5554.0,4.64,76.34,752
328,CUST0403,45+,Hyderabad,Freelancers,Female,Single,148123,8810.0,11103.0,5.95,126.03,662
329,CUST0404,21-24,Hyderabad,Freelancers,Male,Single,27567,1510.0,714.0,5.48,47.28,408
330,CUST0405,25-34,Hyderabad,Salaried IT Employees,Female,Single,40654,3377.0,1929.0,8.31,57.12,373
331,CUST0406,45+,Delhi-NCR,Freelancers,Female,Married,124385,4247.0,2312.0,3.41,54.44,709
332,CUST0407,35-45,Chennai,Freelancers,Female,Single,95589,3310.0,2753.0,3.46,83.17,609
333,CUST0408,35-45,Chennai,Salaried Other Employees,Male,Married,84018,4307.0,1991.0,5.13,46.23,568
334,CUST0410,21-24,Mumbai,Salaried IT Employees,Male,Married,20319,1724.0,759.0,8.48,44.03,324
335,CUST0413,21-24,Delhi-NCR,Freelancers,Female,Single,26428,1726.0,1791.0,6.53,103.77,339
336,CUST0414,21-24,Bengaluru,Freelancers,Male,Married,23879,1691.0,819.0,7.08,48.43,362
337,CUST0415,45+,Mumbai,Business Owners,Male,Single,137310,10568.0,1345.0,7.7,12.73,679
338,CUST0416,35-45,Delhi-NCR,Government Employees,Male,Single,90177,2955.0,2791.0,3.28,94.45,590
339,CUST0417,25-34,Hyderabad,Salaried IT Employees,Female,Married,76355,2866.0,4908.0,3.75,171.25,485
340,CUST0418,35-45,Delhi-NCR,Salaried Other Employees,Male,Single,104011,4980.0,4816.0,4.79,96.71,592
341,CUST0419,25-34,Mumbai,Freelancers,Female,Single,78220,4316.0,1037.0,5.52,24.03,561
342,CUST0420,25-34,Hyderabad,Salaried Other Employees,Female,Single,65609,3069.0,2082.0,4.68,67.84,513
343,CUST0421,35-45,Hyderabad,Business Owners,Female,Single,104322,7416.0,11937.0,7.11,160.96,493
344,CUST0422,25-34,Delhi-NCR,Business Owners,Male,Single,48105,3229.0,2039.0,6.71,63.15,424
345,CUST0423,21-24,Chennai,Freelancers,Male,Married,37438,622.0,388.0,1.66,62.38,509
346,CUST0424,21-24,Mumbai,Government Employees,Female,Single,34094,1516.0,1285.0,4.45,84.76,421
347,CUST0425,35-45,Mumbai,Salaried IT Employees,Female,Single,107851,6322.0,4003.0,5.86,63.32,603
348,CUST0426,45+,Chennai,Salaried Other Employees,Female,Single,143478,7510.0,5495.0,5.23,73.17,706
349,CUST0427,21-24,Bengaluru,Salaried IT Employees,Female,Single,35196,1014.0,245.0,2.88,24.16,504
350,CUST0430,21-24,Chennai,Salaried IT Employees,Male,Married,22190,669.0,189.0,3.01,28.25,463
351,CUST0431,35-45,Chennai,Salaried IT Employees,Male,Married,113761,3736.0,2121.0,3.28,56.77,682
352,CUST0432,35-45,Hyderabad,Salaried IT Employees,Male,Married,105666,2917.0,2630.0,2.76,90.16,646
353,CUST0434,25-34,Bengaluru,Salaried IT Employees,Female,Single,67626,4102.0,6309.0,6.07,153.8,423
354,CUST0435,25-34,Hyderabad,Salaried IT Employees,Female,Single,63569,2435.0,401.0,3.83,16.47,565
355,CUST0437,35-45,Bengaluru,Government Employees,Male,Married,102732,8064.0,8613.0,7.85,106.81,512
356,CUST0438,35-45,Hyderabad,Salaried IT Employees,Male,Single,95207,7173.0,3007.0,7.53,41.92,548
357,CUST0439,25-34,Chennai,Salaried Other Employees,Male,Married,79460,3486.0,1127.0,4.39,32.33,583
358,CUST0440,35-45,Delhi-NCR,Salaried Other Employees,Female,Married,115759,8687.0,6404.0,7.5,73.72,580
359,CUST0441,45+,Mumbai,Salaried Other Employees,Male,Married,131872,6604.0,3058.0,5.01,46.31,700
360,CUST0442,35-45,Chennai,Freelancers,Female,Married,99317,6050.0,8217.0,6.09,135.82,521
361,CUST0443,35-45,Delhi-NCR,Business Owners,Male,Married,81667,3533.0,3640.0,4.33,103.03,537
362,CUST0444,21-24,Hyderabad,Freelancers,Female,Married,24077,1593.0,1435.0,6.62,90.08,341
363,CUST0445,45+,Chennai,Salaried Other Employees,Male,Married,156371,6044.0,8157.0,3.87,134.96,724
364,CUST0446,21-24,Delhi-NCR,Salaried Other Employees,Male,Married,24761,1565.0,887.0,6.32,56.68,375
365,CUST0447,25-34,Mumbai,Salaried Other Employees,Male,Single,60248,2377.0,2403.0,3.95,101.09,490
366,CUST0448,25-34,Chennai,Salaried IT Employees,Female,Single,73239,2759.0,2492.0,3.77,90.32,537
367,CUST0449,45+,Chennai,Salaried Other Employees,Male,Married,138321,6752.0,3274.0,4.88,48.49,718
368,CUST0450,35-45,Bengaluru,Salaried IT Employees,Female,Married,113372,4396.0,3844.0,3.88,87.44,644
369,CUST0451,21-24,Delhi-NCR,Business Owners,Male,Married,35598,1567.0,1019.0,4.4,65.03,441
370,CUST0453,21-24,Bengaluru,Freelancers,Male,Married,25753,1310.0,1211.0,5.09,92.44,378
371,CUST0454,35-45,Hyderabad,Business Owners,Female,Married,93422,771.0,780.0,0.83,101.17,648
372,CUST0455,21-24,Hyderabad,Business Owners,Male,Single,34591,2316.0,226.0,6.7,9.76,428
373,CUST0458,35-45,Mumbai,Salaried IT Employees,Female,Single,109368,4926.0,3458.0,4.5,70.2,633
374,CUST0459,45+,Hyderabad,Government Employees,Male,Single,155323,10645.0,3761.0,6.85,35.33,730
375,CUST0460,35-45,Mumbai,Salaried IT Employees,Female,Married,114009,4765.0,4135.0,4.18,86.78,640
376,CUST0461,21-24,Delhi-NCR,Salaried Other Employees,Male,Single,27184,1759.0,224.0,6.47,12.73,411
377,CUST0462,25-34,Delhi-NCR,Salaried IT Employees,Male,Married,46293,2545.0,1355.0,5.5,53.24,454
378,CUST0463,45+,Hyderabad,Salaried IT Employees,Female,Single,134514,4982.0,4289.0,3.7,86.09,706
379,CUST0464,21-24,Chennai,Salaried IT Employees,Female,Single,30203,1574.0,1471.0,5.21,93.46,387
380,CUST0465,35-45,Delhi-NCR,Salaried Other Employees,Male,Married,104274,6533.0,2842.0,6.27,43.5,599
381,CUST0468,45+,Hyderabad,Business Owners,Male,Single,139913,4791.0,5103.0,3.42,106.51,711
382,CUST0469,35-45,Delhi-NCR,Salaried IT Employees,Female,Single,108823,4995.0,7439.0,4.59,148.93,570
383,CUST0471,21-24,Chennai,Salaried Other Employees,Female,Married,39472,2369.0,1838.0,6.0,77.59,406
384,CUST0473,21-24,Chennai,Business Owners,Male,Single,24065,1249.0,760.0,5.19,60.85,395
385,CUST0474,21-24,Bengaluru,Salaried IT Employees,Female,Single,36046,1597.0,1226.0,4.43,76.77,432
386,CUST0475,35-45,Bengaluru,Salaried IT Employees,Female,Married,91800,4280.0,2347.0,4.66,54.84,593
387,CUST0476,45+,Mumbai,Salaried IT Employees,Female,Married,156752,16787.0,16787.0,10.71,100.0,599
388,CUST0477,21-24,Chennai,Salaried Other Employees,Female,Single,31607,866.0,917.0,2.74,105.89,436
389,CUST0478,21-24,Chennai,Salaried IT Employees,Female,Single,25096,347.0,421.0,1.38,121.33,438
390,CUST0479,25-34,Delhi-NCR,Business Owners,Male,Married,64253,3009.0,2277.0,4.68,75.67,503
391,CUST0480,25-34,Mumbai,Salaried IT Employees,Male,Married,65057,1830.0,1016.0,2.81,55.52,562
392,CUST0481,45+,Mumbai,Salaried IT Employees,Female,Single,142818,8313.0,5029.0,5.82,60.5,700
393,CUST0482,45+,Hyderabad,Salaried Other Employees,Female,Married,125750,5336.0,5003.0,4.24,93.76,665
394,CUST0483,35-45,Chennai,Business Owners,Female,Single,88435,1569.0,489.0,1.77,31.17,667
395,CUST0486,45+,Bengaluru,Salaried IT Employees,Male,Married,133039,3942.0,6370.0,2.96,161.59,662
396,CUST0487,21-24,Chennai,Business Owners,Female,Single,27208,1928.0,1185.0,7.09,61.46,361
397,CUST0488,45+,Mumbai,Business Owners,Female,Married,139134,7092.0,3810.0,5.1,53.72,711
398,CUST0490,35-45,Chennai,Salaried Other Employees,Male,Married,99690,3627.0,1933.0,3.64,53.29,638
399,CUST0491,21-24,Bengaluru,Salaried IT Employees,Female,Single,38384,1002.0,1074.0,2.61,107.19,456
400,CUST0494,45+,Delhi-NCR,Freelancers,Female,Single,140175,5744.0,4636.0,4.1,80.71,716
401,CUST0495,45+,Hyderabad,Salaried Other Employees,Female,Married,132111,4551.0,5041.0,3.44,110.77,687
402,CUST0496,25-34,Delhi-NCR,Salaried IT Employees,Female,Married,68388,3647.0,2962.0,5.33,81.22,496
403,CUST0497,35-45,Hyderabad,Salaried Other Employees,Female,Married,118067,8352.0,3061.0,7.07,36.65,624
404,CUST0500,35-45,Hyderabad,Business Owners,Male,Single,117361,6717.0,5965.0,5.72,88.8,613
405,CUST0502,45+,Hyderabad,Salaried IT Employees,Male,Married,144065,6334.0,4970.0,4.4,78.47,722
406,CUST0503,35-45,Bengaluru,Salaried Other Employees,Male,Single,95283,3602.0,1862.0,3.78,51.69,625
407,CUST0504,25-34,Delhi-NCR,Freelancers,Male,Married,58512,1454.0,903.0,2.48,62.1,547
408,CUST0505,21-24,Delhi-NCR,Business Owners,Male,Single,34876,1600.0,1166.0,4.59,72.88,429
409,CUST0506,45+,Bengaluru,Government Employees,Female,Married,157326,8799.0,10988.0,5.59,124.88,696
410,CUST0509,21-24,Hyderabad,Salaried IT Employees,Female,Single,39525,1703.0,1217.0,4.31,71.46,448
411,CUST0510,21-24,Bengaluru,Salaried IT Employees,Male,Single,21847,1033.0,439.0,4.73,42.5,413
412,CUST0512,25-34,Mumbai,Freelancers,Female,Married,46738,2276.0,485.0,4.87,21.31,493
413,CUST0514,25-34,Mumbai,Freelancers,Male,Single,44527,1978.0,822.0,4.44,41.56,481
414,CUST0516,25-34,Bengaluru,Government Employees,Female,Married,58373,1854.0,922.0,3.18,49.73,541
415,CUST0518,25-34,Delhi-NCR,Salaried IT Employees,Male,Married,45203,2576.0,1831.0,5.7,71.08,433
416,CUST0519,35-45,Bengaluru,Business Owners,Female,Single,104981,3597.0,2962.0,3.43,82.35,636
417,CUST0520,25-34,Bengaluru,Salaried IT Employees,Male,Single,40045,1859.0,2263.0,4.64,121.73,405
418,CUST0521,21-24,Delhi-NCR,Salaried Other Employees,Female,Married,27741,1339.0,561.0,4.83,41.9,427
419,CUST0522,35-45,Delhi-NCR,Salaried Other Employees,Male,Single,82498,2720.0,2820.0,3.3,103.68,562
420,CUST0524,25-34,Bengaluru,Salaried IT Employees,Female,Single,53263,5798.0,2105.0,10.89,36.31,365
421,CUST0526,25-34,Mumbai,Salaried IT Employees,Female,Married,41069,2047.0,590.0,4.98,28.82,470
422,CUST0527,21-24,Delhi-NCR,Salaried IT Employees,Male,Single,27277,2084.0,681.0,7.64,32.68,370
423,CUST0528,21-24,Bengaluru,Salaried IT Employees,Male,Married,25516,1316.0,955.0,5.16,72.57,391
424,CUST0530,21-24,Mumbai,Salaried IT Employees,Male,Single,31988,2151.0,656.0,6.72,30.5,405
425,CUST0531,35-45,Bengaluru,Salaried IT Employees,Female,Single,103281,5881.0,3084.0,5.69,52.44,603
426,CUST0533,35-45,Mumbai,Salaried IT Employees,Female,Single,80456,2865.0,750.0,3.56,26.18,609
427,CUST0534,21-24,Hyderabad,Salaried IT Employees,Male,Married,22873,1351.0,1119.0,5.91,82.83,359
428,CUST0535,25-34,Delhi-NCR,Salaried IT Employees,Male,Married,58772,2908.0,2151.0,4.95,73.97,484
429,CUST0536,35-45,Bengaluru,Salaried Other Employees,Female,Single,90070,3906.0,610.0,4.34,15.62,625
430,CUST0537,21-24,Hyderabad,Salaried IT Employees,Female,Single,23015,1665.0,917.0,7.23,55.08,351
431,CUST0538,25-34,Hyderabad,Business Owners,Male,Single,66669,4399.0,1694.0,6.6,38.51,495
432,CUST0540,21-24,Mumbai,Salaried IT Employees,Male,Married,35737,1624.0,619.0,4.54,38.12,458
433,CUST0541,21-24,Bengaluru,Business Owners,Male,Married,32702,1710.0,1259.0,5.23,73.63,408
434,CUST0543,45+,Chennai,Salaried Other Employees,Female,Single,135080,3252.0,4201.0,2.41,129.18,704
435,CUST0544,35-45,Mumbai,Salaried Other Employees,Male,Single,110842,4430.0,3636.0,4.0,82.08,639
436,CUST0546,45+,Chennai,Salaried Other Employees,Female,Married,128217,3968.0,687.0,3.09,17.31,754
437,CUST0547,25-34,Mumbai,Salaried Other Employees,Female,Married,78657,3931.0,3311.0,5.0,84.23,528
438,CUST0549,35-45,Bengaluru,Business Owners,Male,Single,93833,5292.0,2456.0,5.64,46.41,583
439,CUST0550,45+,Mumbai,Salaried Other Employees,Female,Married,133128,5643.0,3024.0,4.24,53.59,715
440,CUST0551,21-24,Mumbai,Salaried Other Employees,Male,Married,33712,1273.0,931.0,3.78,73.13,443
441,CUST0552,21-24,Hyderabad,Salaried Other Employees,Female,Single,30195,1253.0,684.0,4.15,54.59,440
442,CUST0554,45+,Mumbai,Salaried Other Employees,Male,Single,154678,5691.0,4784.0,3.68,84.06,762
443,CUST0555,45+,Bengaluru,Government Employees,Male,Married,134675,6166.0,2516.0,4.58,40.8,721
444,CUST0556,21-24,Mumbai,Salaried IT Employees,Male,Married,28195,948.0,623.0,3.36,65.72,443
445,CUST0557,45+,Mumbai,Freelancers,Female,Single,129703,6627.0,10916.0,5.11,164.72,602
446,CUST0558,45+,Hyderabad,Freelancers,Male,Married,153993,8541.0,6725.0,5.55,78.74,722
447,CUST0559,21-24,Mumbai,Business Owners,Female,Single,38457,1243.0,1615.0,3.23,129.93,426
448,CUST0560,21-24,Chennai,Salaried Other Employees,Female,Single,33570,1686.0,1551.0,5.02,91.99,401
449,CUST0561,35-45,Hyderabad,Business Owners,Female,Single,102910,4177.0,2082.0,4.06,49.84,640
450,CUST0562,25-34,Delhi-NCR,Salaried IT Employees,Male,Married,56257,2712.0,2186.0,4.82,80.6,475
451,CUST0563,21-24,Delhi-NCR,Business Owners,Female,Single,24166,1802.0,433.0,7.46,24.03,373
452,CUST0564,25-34,Hyderabad,Salaried Other Employees,Male,Single,62348,2204.0,1434.0,3.53,65.06,532
453,CUST0565,35-45,Chennai,Salaried Other Employees,Male,Single,90340,6247.0,2604.0,6.91,41.68,549
454,CUST0566,35-45,Hyderabad,Salaried Other Employees,Male,Single,94257,4629.0,2093.0,4.91,45.21,602
455,CUST0567,45+,Hyderabad,Salaried Other Employees,Male,Single,133202,5240.0,4811.0,3.93,91.81,693
456,CUST0568,35-45,Hyderabad,Business Owners,Female,Single,103508,5523.0,5162.0,5.34,93.46,581
457,CUST0569,45+,Hyderabad,Business Owners,Female,Married,140474,9756.0,8564.0,6.95,87.78,648
458,CUST0570,45+,Mumbai,Government Employees,Male,Single,123448,10391.0,1826.0,8.42,17.57,622
459,CUST0573,25-34,Chennai,Salaried IT Employees,Male,Married,62427,3815.0,1906.0,6.11,49.96,486
460,CUST0574,45+,Mumbai,Business Owners,Female,Married,129549,8154.0,4256.0,6.29,52.2,660
461,CUST0575,45+,Delhi-NCR,Business Owners,Female,Married,154676,6113.0,7868.0,3.95,128.71,722
462,CUST0576,25-34,Bengaluru,Business Owners,Female,Single,55773,4499.0,1822.0,8.07,40.5,431
463,CUST0577,45+,Hyderabad,Freelancers,Female,Married,130636,5322.0,3808.0,4.07,71.55,698
464,CUST0578,35-45,Bengaluru,Salaried Other Employees,Male,Single,117936,8169.0,3456.0,6.93,42.31,622
465,CUST0579,45+,Delhi-NCR,Salaried Other Employees,Female,Single,123400,4787.0,1369.0,3.88,28.6,715
466,CUST0580,45+,Delhi-NCR,Salaried IT Employees,Male,Single,147636,4101.0,3796.0,2.78,92.56,757
467,CUST0581,45+,Mumbai,Salaried IT Employees,Male,Married,140482,5451.0,1757.0,3.88,32.23,758
468,CUST0582,21-24,Mumbai,Salaried Other Employees,Female,Married,31086,2247.0,1294.0,7.23,57.59,371
469,CUST0583,35-45,Chennai,Salaried IT Employees,Female,Single,82130,3225.0,1822.0,3.93,56.5,582
470,CUST0584,45+,Hyderabad,Salaried Other Employees,Male,Single,136747,8221.0,6280.0,6.01,76.39,668
471,CUST0585,35-45,Bengaluru,Freelancers,Male,Married,111416,6336.0,5972.0,5.69,94.26,593
472,CUST0586,35-45,Hyderabad,Salaried Other Employees,Male,Single,101838,3383.0,823.0,3.32,24.33,673
473,CUST0587,35-45,Bengaluru,Salaried Other Employees,Female,Married,93997,3714.0,2340.0,3.95,63.0,609
474,CUST0588,25-34,Hyderabad,Business Owners,Female,Single,40303,3325.0,1995.0,8.25,60.0,371
475,CUST0589,45+,Delhi-NCR,Salaried Other Employees,Male,Single,123674,6937.0,3502.0,5.61,50.48,661
476,CUST0590,21-24,Delhi-NCR,Business Owners,Female,Married,24162,858.0,1392.0,3.55,162.24,356
477,CUST0591,21-24,Hyderabad,Salaried IT Employees,Female,Single,37876,1117.0,1048.0,2.95,93.82,457
478,CUST0592,21-24,Chennai,Salaried IT Employees,Female,Married,27060,1688.0,796.0,6.24,47.16,390
479,CUST0593,21-24,Delhi-NCR,Salaried IT Employees,Male,Single,36276,1764.0,1300.0,4.86,73.7,426
480,CUST0594,45+,Chennai,Salaried Other Employees,Female,Married,154851,6225.0,8687.0,4.02,139.55,713
481,CUST0595,21-24,Delhi-NCR,Business Owners,Female,Single,37690,1907.0,907.0,5.06,47.56,445
482,CUST0596,35-45,Mumbai,Salaried IT Employees,Female,Single,97816,5205.0,3802.0,5.32,73.05,581
483,CUST0597,25-34,Mumbai,Freelancers,Male,Married,47190,1415.0,374.0,3.0,26.43,532
484,CUST0598,21-24,Hyderabad,Government Employees,Female,Married,30203,1134.0,2158.0,3.75,190.3,347
485,CUST0599,35-45,Bengaluru,Salaried Other Employees,Male,Married,102103,5294.0,3929.0,5.18,74.22,595
486,CUST0600,21-24,Mumbai,Salaried Other Employees,Female,Single,35142,1670.0,2825.0,4.75,169.16,353
487,CUST0601,45+,Delhi-NCR,Salaried IT Employees,Male,Single,148631,5958.0,6288.0,4.01,105.54,722
488,CUST0602,35-45,Delhi-NCR,Government Employees,Male,Married,94026,3106.0,2139.0,3.3,68.87,619
489,CUST0603,45+,Mumbai,Salaried Other Employees,Male,Married,122100,4181.0,2672.0,3.42,63.91,696
490,CUST0604,21-24,Mumbai,Salaried Other Employees,Male,Single,35305,1223.0,1230.0,3.46,100.57,434
491,CUST0605,35-45,Bengaluru,Business Owners,Male,Married,86110,1751.0,2256.0,2.03,128.84,581
492,CUST0606,35-45,Mumbai,Salaried IT Employees,Male,Single,111399,2811.0,1230.0,2.52,43.76,702
493,CUST0607,35-45,Hyderabad,Salaried Other Employees,Male,Married,119279,5623.0,3851.0,4.71,68.49,656
494,CUST0608,21-24,Bengaluru,Salaried Other Employees,Female,Married,26346,810.0,391.0,3.07,48.27,458
495,CUST0609,25-34,Mumbai,Salaried IT Employees,Male,Single,64330,3503.0,2086.0,5.45,59.55,498
496,CUST0610,25-34,Delhi-NCR,Government Employees,Male,Single,64502,1837.0,2096.0,2.85,114.1,516
497,CUST0611,45+,Mumbai,Salaried Other Employees,Female,Single,137131,3990.0,1905.0,2.91,47.74,759
498,CUST0612,25-34,Hyderabad,Salaried IT Employees,Male,Married,67022,861.0,562.0,1.28,65.27,594
499,CUST0613,21-24,Hyderabad,Business Owners,Male,Single,33843,1841.0,625.0,5.44,33.95,436
500,CUST0614,35-45,Delhi-NCR,Freelancers,Male,Single,83261,6246.0,2789.0,7.5,44.65,515
501,CUST0615,35-45,Bengaluru,Salaried IT Employees,Female,Single,91508,2595.0,1877.0,2.84,72.33,620
502,CUST0616,21-24,Delhi-NCR,Salaried Other Employees,Female,Married,37670,1409.0,955.0,3.74,67.78,459
503,CUST0617,35-45,Mumbai,Salaried Other Employees,Male,Married,110999,4143.0,5329.0,3.73,128.63,610
504,CUST0618,25-34,Delhi-NCR,Salaried Other Employees,Male,Married,73266,4486.0,1822.0,6.12,40.62,522
505,CUST0619,45+,Bengaluru,Salaried IT Employees,Male,Married,143199,6577.0,7292.0,4.59,110.87,691
506,CUST0622,21-24,Bengaluru,Salaried IT Employees,Female,Married,26589,1957.0,882.0,7.36,45.07,365
507,CUST0623,25-34,Chennai,Salaried Other Employees,Male,Married,68852,4467.0,2607.0,6.49,58.36,488
508,CUST0624,35-45,Bengaluru,Business Owners,Male,Married,110853,6196.0,1284.0,5.59,20.72,649
509,CUST0625,35-45,Bengaluru,Salaried Other Employees,Female,Married,117987,4821.0,5543.0,4.09,114.98,631
510,CUST0626,35-45,Chennai,Government Employees,Female,Single,91270,4865.0,2403.0,5.33,49.39,581
511,CUST0627,35-45,Delhi-NCR,Freelancers,Female,Married,82858,4733.0,5273.0,5.71,111.41,503
512,CUST0628,21-24,Chennai,Freelancers,Female,Single,23341,945.0,786.0,4.05,83.17,402
513,CUST0630,25-34,Bengaluru,Salaried Other Employees,Female,Married,67842,3515.0,2249.0,5.18,63.98,511
514,CUST0631,45+,Delhi-NCR,Business Owners,Female,Single,139407,7923.0,8803.0,5.68,111.11,656
515,CUST0632,21-24,Hyderabad,Salaried Other Employees,Male,Married,20139,1038.0,892.0,5.15,85.93,367
516,CUST0633,25-34,Chennai,Salaried IT Employees,Female,Single,52682,2351.0,1905.0,4.46,81.03,473
517,CUST0634,21-24,Chennai,Salaried IT Employees,Male,Single,33907,2288.0,1048.0,6.75,45.8,398
518,CUST0635,21-24,Mumbai,Salaried Other Employees,Male,Married,32464,1221.0,747.0,3.76,61.18,449
519,CUST0636,25-34,Bengaluru,Freelancers,Male,Married,40404,2230.0,730.0,5.52,32.74,453
520,CUST0637,45+,Bengaluru,Salaried Other Employees,Male,Single,156466,3024.0,800.0,1.93,26.46,849
521,CUST0638,45+,Delhi-NCR,Salaried Other Employees,Male,Single,151112,8565.0,7180.0,5.67,83.83,708
522,CUST0639,45+,Hyderabad,Business Owners,Female,Married,139806,7891.0,3468.0,5.64,43.95,709
523,CUST0642,35-45,Mumbai,Salaried Other Employees,Female,Single,92955,5409.0,5246.0,5.82,96.99,539
524,CUST0643,35-45,Chennai,Salaried Other Employees,Male,Single,105842,3947.0,1312.0,3.73,33.24,668
525,CUST0644,35-45,Hyderabad,Salaried IT Employees,Female,Married,88198,4308.0,3230.0,4.88,74.98,564
526,CUST0645,21-24,Bengaluru,Salaried IT Employees,Female,Married,37395,1249.0,1476.0,3.34,118.17,429
527,CUST0646,21-24,Chennai,Salaried Other Employees,Female,Married,34575,1742.0,859.0,5.04,49.31,435
528,CUST0647,25-34,Hyderabad,Salaried IT Employees,Female,Married,50850,999.0,619.0,1.96,61.96,538
529,CUST0650,21-24,Chennai,Salaried Other Employees,Male,Single,34060,1544.0,2787.0,4.53,180.51,347
530,CUST0652,45+,Delhi-NCR,Business Owners,Male,Single,158389,8274.0,5364.0,5.22,64.83,752
531,CUST0653,45+,Bengaluru,Salaried Other Employees,Female,Married,123761,8805.0,5449.0,7.11,61.89,619
532,CUST0654,45+,Hyderabad,Salaried IT Employees,Female,Single,122402,7782.0,4681.0,6.36,60.15,634
533,CUST0655,45+,Delhi-NCR,Business Owners,Male,Married,159421,3069.0,2432.0,1.93,79.24,817
534,CUST0657,35-45,Chennai,Salaried Other Employees,Female,Single,83563,3121.0,2008.0,3.73,64.34,585
535,CUST0659,21-24,Hyderabad,Salaried Other Employees,Male,Single,23289,1131.0,629.0,4.86,55.61,404
536,CUST0660,35-45,Mumbai,Salaried IT Employees,Male,Single,115152,3892.0,1039.0,3.38,26.7,706
537,CUST0661,45+,Bengaluru,Business Owners,Male,Single,148142,4401.0,4958.0,2.97,112.66,739
538,CUST0662,21-24,Hyderabad,Salaried IT Employees,Male,Married,20774,628.0,444.0,3.02,70.7,427
539,CUST0663,35-45,Hyderabad,Business Owners,Female,Single,88536,4696.0,2923.0,5.3,62.24,565
540,CUST0666,21-24,Delhi-NCR,Freelancers,Male,Married,39649,2774.0,2921.0,7.0,105.3,363
541,CUST0667,25-34,Hyderabad,Salaried IT Employees,Female,Married,59356,1348.0,1057.0,2.27,78.41,542
542,CUST0668,45+,Delhi-NCR,Government Employees,Male,Married,155915,11784.0,7311.0,7.56,62.04,695
543,CUST0669,21-24,Chennai,Salaried Other Employees,Female,Married,26613,2455.0,999.0,9.22,40.69,327
544,CUST0670,21-24,Delhi-NCR,Freelancers,Male,Married,23227,1672.0,647.0,7.2,38.7,365
545,CUST0671,25-34,Chennai,Freelancers,Male,Single,58928,4285.0,1887.0,7.27,44.04,455
546,CUST0672,35-45,Mumbai,Salaried IT Employees,Male,Single,108501,3664.0,7279.0,3.38,198.66,559
547,CUST0673,25-34,Hyderabad,Salaried IT Employees,Male,Single,61010,1660.0,1369.0,2.72,82.47,533
548,CUST0674,25-34,Chennai,Salaried Other Employees,Female,Single,64517,1682.0,1848.0,2.61,109.87,525
549,CUST0675,35-45,Mumbai,Salaried Other Employees,Male,Single,116983,8985.0,6798.0,7.68,75.66,578
550,CUST0676,35-45,Bengaluru,Business Owners,Male,Single,92101,5631.0,1738.0,6.11,30.86,580
551,CUST0677,35-45,Delhi-NCR,Government Employees,Male,Married,114196,6961.0,4489.0,6.1,64.49,614
552,CUST0678,21-24,Mumbai,Salaried IT Employees,Male,Single,29225,435.0,411.0,1.49,94.48,466
553,CUST0680,45+,Hyderabad,Freelancers,Male,Single,135933,7842.0,6079.0,5.77,77.52,670
554,CUST0681,45+,Bengaluru,Salaried IT Employees,Female,Single,141301,10943.0,4689.0,7.74,42.85,667
555,CUST0682,25-34,Bengaluru,Salaried IT Employees,Male,Married,75347,3426.0,4079.0,4.55,119.06,503
556,CUST0683,25-34,Mumbai,Salaried IT Employees,Female,Single,63343,2975.0,1613.0,4.7,54.22,517
557,CUST0684,45+,Mumbai,Salaried Other Employees,Male,Married,158082,3699.0,4320.0,2.34,116.79,776
558,CUST0685,25-34,Delhi-NCR,Salaried IT Employees,Male,Single,52040,2249.0,1473.0,4.32,65.5,486
559,CUST0686,35-45,Bengaluru,Salaried Other Employees,Female,Married,86106,5526.0,5942.0,6.42,107.53,499
560,CUST0687,21-24,Bengaluru,Salaried IT Employees,Female,Married,23507,583.0,487.0,2.48,83.53,437
561,CUST0688,45+,Delhi-NCR,Salaried Other Employees,Female,Single,120510,3483.0,2272.0,2.89,65.23,702
562,CUST0689,21-24,Hyderabad,Business Owners,Male,Married,24007,1169.0,734.0,4.87,62.79,401
563,CUST0690,45+,Delhi-NCR,Government Employees,Male,Married,134021,3382.0,1800.0,2.52,53.22,756
564,CUST0691,21-24,Chennai,Salaried Other Employees,Male,Married,36886,1332.0,1075.0,3.61,80.71,450
565,CUST0692,45+,Chennai,Freelancers,Female,Single,151473,9346.0,5334.0,6.17,57.07,718
566,CUST0693,21-24,Mumbai,Salaried Other Employees,Male,Single,29322,874.0,439.0,2.98,50.23,467
567,CUST0694,35-45,Delhi-NCR,Freelancers,Male,Single,81195,1631.0,589.0,2.01,36.11,638
568,CUST0695,45+,Delhi-NCR,Salaried IT Employees,Female,Single,154810,7571.0,12486.0,4.89,164.92,675
569,CUST0696,45+,Mumbai,Salaried Other Employees,Female,Single,133533,6220.0,3275.0,4.66,52.65,707
570,CUST0697,45+,Hyderabad,Freelancers,Female,Married,126988,4279.0,2476.0,3.37,57.86,714
571,CUST0703,25-34,Bengaluru,Government Employees,Female,Single,54913,5268.0,2444.0,9.59,46.39,391
572,CUST0705,35-45,Chennai,Salaried Other Employees,Male,Single,83287,7291.0,4013.0,8.75,55.04,479
573,CUST0706,21-24,Hyderabad,Salaried IT Employees,Female,Married,32925,2455.0,1441.0,7.46,58.7,370
574,CUST0707,45+,Hyderabad,Business Owners,Male,Married,142772,4640.0,4442.0,3.25,95.73,731
575,CUST0708,21-24,Bengaluru,Salaried Other Employees,Male,Married,38763,1679.0,1248.0,4.33,74.33,444
576,CUST0709,25-34,Chennai,Salaried IT Employees,Female,Married,42380,2126.0,1579.0,5.02,74.27,438
577,CUST0710,45+,Chennai,Salaried Other Employees,Female,Single,136379,6022.0,3591.0,4.42,59.63,715
578,CUST0711,45+,Chennai,Salaried IT Employees,Female,Married,152378,7043.0,3753.0,4.62,53.29,758
579,CUST0712,21-24,Chennai,Freelancers,Male,Married,27783,623.0,776.0,2.24,124.56,423
580,CUST0713,45+,Bengaluru,Freelancers,Female,Single,134484,3561.0,4304.0,2.65,120.86,703
581,CUST0714,35-45,Hyderabad,Business Owners,Female,Married,82113,3988.0,3102.0,4.86,77.78,546
582,CUST0716,25-34,Mumbai,Freelancers,Female,Married,65063,2104.0,1911.0,3.23,90.83,526
583,CUST0717,35-45,Hyderabad,Government Employees,Female,Single,110631,6197.0,5528.0,5.6,89.2,597
584,CUST0718,25-34,Chennai,Salaried Other Employees,Female,Single,64787,3808.0,2689.0,5.88,70.61,482
585,CUST0719,21-24,Delhi-NCR,Freelancers,Female,Married,38919,1471.0,2953.0,3.78,200.75,361
586,CUST0720,21-24,Chennai,Salaried Other Employees,Male,Married,30864,1263.0,594.0,4.09,47.03,448
587,CUST0721,25-34,Chennai,Government Employees,Male,Single,56301,1828.0,1280.0,3.25,70.02,518
588,CUST0722,35-45,Hyderabad,Business Owners,Male,Single,109689,5298.0,1557.0,4.83,29.39,657
589,CUST0723,35-45,Mumbai,Salaried IT Employees,Female,Married,103987,6566.0,11034.0,6.31,168.05,504
590,CUST0724,25-34,Bengaluru,Government Employees,Male,Single,75787,2782.0,1498.0,3.67,53.85,573
591,CUST0726,21-24,Delhi-NCR,Salaried IT Employees,Female,Single,30871,1521.0,1119.0,4.93,73.57,410
592,CUST0727,25-34,Mumbai,Freelancers,Male,Single,67294,4507.0,2699.0,6.7,59.88,478
593,CUST0728,35-45,Chennai,Salaried Other Employees,Male,Married,113086,3690.0,2727.0,3.26,73.9,667
594,CUST0731,25-34,Bengaluru,Salaried Other Employees,Female,Married,71435,2130.0,2085.0,2.98,97.89,544
595,CUST0732,21-24,Hyderabad,Salaried IT Employees,Male,Married,37483,1441.0,1984.0,3.84,137.68,404
596,CUST0733,25-34,Chennai,Government Employees,Male,Married,56076,2181.0,2074.0,3.89,95.09,484
597,CUST0734,45+,Delhi-NCR,Salaried Other Employees,Female,Single,135269,5254.0,4198.0,3.88,79.9,709
598,CUST0735,45+,Delhi-NCR,Salaried IT Employees,Female,Married,143975,5075.0,1759.0,3.52,34.66,774
599,CUST0736,45+,Chennai,Salaried IT Employees,Male,Married,157467,6881.0,6957.0,4.37,101.1,741
600,CUST0737,35-45,Delhi-NCR,Business Owners,Female,Single,95305,4724.0,1618.0,4.96,34.25,612
601,CUST0739,25-34,Bengaluru,Freelancers,Male,Married,66861,1740.0,1558.0,2.6,89.54,546
602,CUST0741,21-24,Hyderabad,Government Employees,Male,Single,34156,2744.0,1531.0,8.03,55.79,363
603,CUST0743,45+,Chennai,Salaried IT Employees,Male,Single,142813,3637.0,2586.0,2.55,71.1,765
604,CUST0744,35-45,Chennai,Salaried Other Employees,Female,Single,94422,4229.0,3336.0,4.48,78.88,586
605,CUST0745,35-45,Hyderabad,Salaried Other Employees,Female,Married,106040,4400.0,3936.0,4.15,89.45,617
606,CUST0747,35-45,Hyderabad,Salaried IT Employees,Male,Married,109414,5573.0,2163.0,5.09,38.81,643
607,CUST0750,45+,Delhi-NCR,Salaried Other Employees,Female,Single,127307,6555.0,885.0,5.15,13.5,709
608,CUST0751,45+,Delhi-NCR,Salaried Other Employees,Male,Married,137391,2800.0,3121.0,2.04,111.46,732
609,CUST0752,21-24,Bengaluru,Freelancers,Male,Single,30950,1065.0,1328.0,3.44,124.69,405
610,CUST0753,21-24,Hyderabad,Salaried IT Employees,Male,Married,29619,2154.0,621.0,7.27,28.83,388
611,CUST0754,35-45,Delhi-NCR,Freelancers,Female,Single,90218,5922.0,3197.0,6.56,53.99,547
612,CUST0756,21-24,Mumbai,Salaried IT Employees,Male,Married,36094,1723.0,1178.0,4.77,68.37,431
613,CUST0757,21-24,Bengaluru,Salaried Other Employees,Male,Single,38087,1654.0,938.0,4.34,56.71,455
614,CUST0758,45+,Mumbai,Salaried IT Employees,Female,Single,133989,4081.0,1232.0,3.05,30.19,761
615,CUST0759,45+,Mumbai,Salaried Other Employees,Male,Single,142418,5385.0,1017.0,3.78,18.89,776
616,CUST0760,21-24,Mumbai,Salaried Other Employees,Male,Single,36376,2330.0,2064.0,6.41,88.58,380
617,CUST0761,45+,Mumbai,Salaried Other Employees,Female,Married,158202,7010.0,3977.0,4.43,56.73,775
618,CUST0762,25-34,Hyderabad,Government Employees,Female,Married,69269,3469.0,777.0,5.01,22.4,549
619,CUST0763,35-45,Delhi-NCR,Salaried IT Employees,Male,Single,85909,3282.0,2518.0,3.82,76.72,580
620,CUST0765,25-34,Mumbai,Business Owners,Male,Single,75779,3810.0,2674.0,5.03,70.18,531
621,CUST0766,21-24,Delhi-NCR,Salaried Other Employees,Female,Married,36403,1778.0,1297.0,4.88,72.95,426
622,CUST0767,45+,Mumbai,Salaried Other Employees,Female,Married,135345,3758.0,3758.0,2.78,100.0,718
623,CUST0768,21-24,Delhi-NCR,Government Employees,Female,Single,37625,2849.0,1196.0,7.57,41.98,393
624,CUST0769,35-45,Bengaluru,Salaried Other Employees,Female,Single,114162,2818.0,1866.0,2.47,66.22,694
625,CUST0771,25-34,Chennai,Salaried Other Employees,Male,Single,45300,1423.0,1297.0,3.14,91.15,475
626,CUST0772,21-24,Mumbai,Salaried IT Employees,Female,Single,35202,1738.0,1835.0,4.94,105.58,397
627,CUST0774,45+,Bengaluru,Salaried IT Employees,Female,Single,120959,3246.0,1378.0,2.68,42.45,725
628,CUST0775,45+,Hyderabad,Freelancers,Female,Single,138543,6419.0,1077.0,4.63,16.78,748
629,CUST0776,25-34,Hyderabad,Salaried IT Employees,Male,Married,53907,2450.0,2172.0,4.54,88.65,469
630,CUST0777,35-45,Mumbai,Freelancers,Female,Married,115883,5632.0,5287.0,4.86,93.87,624
631,CUST0778,35-45,Mumbai,Salaried IT Employees,Female,Married,114719,3149.0,899.0,2.74,28.55,717
632,CUST0779,35-45,Bengaluru,Salaried IT Employees,Female,Married,82087,4482.0,1932.0,5.46,43.11,558
633,CUST0780,45+,Bengaluru,Freelancers,Male,Married,123989,5416.0,10145.0,4.37,187.32,587
634,CUST0781,45+,Hyderabad,Freelancers,Female,Single,151259,4911.0,3054.0,3.25,62.19,779
635,CUST0783,21-24,Mumbai,Salaried IT Employees,Male,Single,30968,1369.0,1132.0,4.42,82.69,415
636,CUST0784,35-45,Bengaluru,Business Owners,Female,Single,93115,9362.0,6076.0,10.05,64.9,469
637,CUST0785,21-24,Chennai,Salaried Other Employees,Female,Single,26666,1747.0,1203.0,6.55,68.86,366
638,CUST0786,35-45,Bengaluru,Salaried IT Employees,Female,Married,87421,6052.0,3999.0,6.92,66.08,523
639,CUST0787,21-24,Chennai,Freelancers,Female,Single,34689,1550.0,769.0,4.47,49.61,448
640,CUST0788,45+,Mumbai,Salaried IT Employees,Female,Married,152238,11415.0,3334.0,7.5,29.21,712
641,CUST0790,35-45,Hyderabad,Business Owners,Male,Married,91045,4345.0,2389.0,4.77,54.98,589
642,CUST0791,25-34,Delhi-NCR,Freelancers,Female,Single,68060,3772.0,2515.0,5.54,66.68,501
643,CUST0792,35-45,Mumbai,Salaried IT Employees,Male,Married,102045,4146.0,3104.0,4.06,74.87,619
644,CUST0793,21-24,Mumbai,Salaried IT Employees,Male,Single,21641,929.0,629.0,4.29,67.71,404
645,CUST0794,25-34,Bengaluru,Business Owners,Male,Single,50011,3711.0,1007.0,7.42,27.14,440
646,CUST0795,35-45,Delhi-NCR,Salaried IT Employees,Female,Married,95038,4014.0,4628.0,4.22,115.3,566
647,CUST0796,35-45,Delhi-NCR,Freelancers,Male,Married,112869,8230.0,2480.0,7.29,30.13,610
648,CUST0797,45+,Delhi-NCR,Salaried IT Employees,Male,Married,125086,7035.0,11113.0,5.62,157.97,584
649,CUST0798,25-34,Bengaluru,Freelancers,Male,Married,50025,1142.0,717.0,2.28,62.78,528
650,CUST0799,21-24,Bengaluru,Salaried IT Employees,Male,Single,22146,1217.0,1092.0,5.5,89.73,361
651,CUST0800,35-45,Chennai,Salaried IT Employees,Female,Single,110742,4348.0,4776.0,3.93,109.84,619
652,CUST0801,45+,Chennai,Government Employees,Male,Single,135064,7372.0,3186.0,5.46,43.22,700
653,CUST0802,35-45,Chennai,Salaried Other Employees,Male,Married,104559,3916.0,1972.0,3.75,50.36,651
654,CUST0803,25-34,Hyderabad,Salaried IT Employees,Female,Single,71173,4340.0,1815.0,6.1,41.82,516
655,CUST0804,21-24,Mumbai,Freelancers,Female,Single,34930,1080.0,1072.0,3.09,99.26,442
656,CUST0806,35-45,Hyderabad,Salaried Other Employees,Female,Single,109603,6239.0,1723.0,5.69,27.62,639
657,CUST0807,21-24,Hyderabad,Freelancers,Female,Single,25567,1167.0,723.0,4.56,61.95,412
658,CUST0809,35-45,Delhi-NCR,Salaried Other Employees,Male,Single,111613,6188.0,5327.0,5.54,86.09,603
659,CUST0810,25-34,Delhi-NCR,Business Owners,Male,Single,77474,4681.0,2218.0,6.04,47.38,530
660,CUST0811,25-34,Chennai,Salaried Other Employees,Female,Single,57107,3882.0,2931.0,6.8,75.5,437
661,CUST0812,35-45,Mumbai,Freelancers,Male,Married,113827,6576.0,4307.0,5.78,65.5,620
662,CUST0813,45+,Mumbai,Salaried IT Employees,Male,Married,130101,7225.0,8424.0,5.55,116.6,630
663,CUST0814,25-34,Mumbai,Salaried IT Employees,Male,Single,42434,1956.0,1111.0,4.61,56.8,461
664,CUST0815,25-34,Hyderabad,Salaried Other Employees,Male,Single,70482,2272.0,1785.0,3.22,78.57,550
665,CUST0816,25-34,Hyderabad,Salaried IT Employees,Male,Single,74174,3078.0,1197.0,4.15,38.89,569
666,CUST0818,21-24,Bengaluru,Freelancers,Male,Single,38856,2470.0,1181.0,6.36,47.81,419
667,CUST0819,35-45,Hyderabad,Salaried Other Employees,Male,Single,94586,6130.0,4023.0,6.48,65.63,552
668,CUST0821,21-24,Mumbai,Salaried Other Employees,Male,Single,24034,935.0,206.0,3.89,22.03,453
669,CUST0822,35-45,Delhi-NCR,Salaried Other Employees,Female,Married,103074,7154.0,2290.0,6.94,32.01,590
670,CUST0823,25-34,Mumbai,Salaried Other Employees,Male,Married,60993,3734.0,1813.0,6.12,48.55,483
671,CUST0826,25-34,Chennai,Salaried Other Employees,Female,Married,73179,3033.0,3427.0,4.14,112.99,511
672,CUST0827,25-34,Bengaluru,Government Employees,Male,Married,43854,2206.0,1926.0,5.03,87.31,432
673,CUST0828,25-34,Mumbai,Freelancers,Male,Married,72349,3421.0,1930.0,4.73,56.42,538
674,CUST0829,45+,Bengaluru,Salaried IT Employees,Female,Married,139667,4832.0,4543.0,3.46,94.02,719
675,CUST0830,21-24,Mumbai,Salaried Other Employees,Female,Single,34059,1016.0,1681.0,2.98,165.45,393
676,CUST0831,45+,Delhi-NCR,Salaried Other Employees,Female,Married,146011,9271.0,5117.0,6.35,55.19,701
677,CUST0832,35-45,Delhi-NCR,Salaried IT Employees,Male,Single,87063,4803.0,3080.0,5.52,64.13,554
678,CUST0833,25-34,Bengaluru,Government Employees,Male,Married,67552,2480.0,1620.0,3.67,65.32,543
679,CUST0834,45+,Hyderabad,Salaried IT Employees,Female,Married,141853,5727.0,4332.0,4.04,75.64,726
680,CUST0835,35-45,Chennai,Salaried IT Employees,Male,Single,107640,4124.0,2626.0,3.83,63.68,648
681,CUST0837,25-34,Mumbai,Salaried Other Employees,Female,Married,42113,1427.0,1073.0,3.39,75.19,473
682,CUST0838,25-34,Chennai,Salaried Other Employees,Male,Married,63059,3884.0,2732.0,6.16,70.34,471
683,CUST0839,35-45,Bengaluru,Salaried IT Employees,Female,Married,82210,3541.0,2917.0,4.31,82.38,555
684,CUST0840,45+,Bengaluru,Salaried Other Employees,Female,Single,158384,10812.0,9306.0,6.83,86.07,700
685,CUST0841,25-34,Mumbai,Business Owners,Male,Single,77821,4199.0,2529.0,5.4,60.23,535
686,CUST0843,45+,Chennai,Government Employees,Female,Single,156977,8592.0,8528.0,5.47,99.26,717
687,CUST0844,45+,Mumbai,Salaried IT Employees,Female,Single,133447,9860.0,3736.0,7.39,37.89,657
688,CUST0845,35-45,Delhi-NCR,Salaried Other Employees,Male,Married,102951,5982.0,1627.0,5.81,27.2,618
689,CUST0846,45+,Bengaluru,Salaried Other Employees,Male,Married,149635,3805.0,3681.0,2.54,96.74,764
690,CUST0847,45+,Delhi-NCR,Business Owners,Male,Married,126158,3613.0,5968.0,2.86,165.18,643
691,CUST0848,25-34,Hyderabad,Government Employees,Male,Married,63024,4807.0,2660.0,7.63,55.34,450
692,CUST0849,25-34,Mumbai,Freelancers,Female,Married,67258,1853.0,733.0,2.76,39.56,581
693,CUST0850,25-34,Chennai,Salaried IT Employees,Male,Married,66108,1861.0,1956.0,2.82,105.1,528
694,CUST0851,35-45,Delhi-NCR,Freelancers,Male,Single,99131,3544.0,4994.0,3.58,140.91,572
695,CUST0852,21-24,Bengaluru,Freelancers,Male,Married,33505,1877.0,1805.0,5.6,96.16,385
696,CUST0853,45+,Delhi-NCR,Salaried IT Employees,Female,Married,155027,5762.0,2689.0,3.72,46.67,790
697,CUST0854,35-45,Bengaluru,Salaried IT Employees,Male,Married,98857,8472.0,3976.0,8.57,46.93,531
698,CUST0855,21-24,Hyderabad,Salaried IT Employees,Male,Single,30669,1503.0,1179.0,4.9,78.44,406
699,CUST0856,21-24,Bengaluru,Salaried Other Employees,Male,Single,35749,2732.0,1696.0,7.64,62.08,371
700,CUST0857,35-45,Chennai,Business Owners,Female,Married,110078,5490.0,3285.0,4.99,59.84,631
701,CUST0858,21-24,Hyderabad,Salaried Other Employees,Male,Single,20989,1401.0,432.0,6.67,30.84,377
702,CUST0859,25-34,Delhi-NCR,Government Employees,Male,Single,65036,3322.0,2019.0,5.11,60.78,507
703,CUST0860,35-45,Mumbai,Salaried Other Employees,Female,Single,100564,3436.0,2480.0,3.42,72.18,632
704,CUST0862,25-34,Chennai,Salaried IT Employees,Female,Married,76285,5014.0,3267.0,6.57,65.16,501
705,CUST0863,45+,Mumbai,Salaried IT Employees,Male,Single,152278,6329.0,4301.0,4.16,67.96,757
706,CUST0864,21-24,Mumbai,Salaried Other Employees,Female,Single,32142,2357.0,884.0,7.33,37.51,387
707,CUST0865,25-34,Hyderabad,Salaried Other Employees,Male,Married,72492,2757.0,1426.0,3.8,51.72,563
708,CUST0866,45+,Delhi-NCR,Salaried IT Employees,Female,Married,151216,5506.0,4742.0,3.64,86.12,752
709,CUST0867,35-45,Mumbai,Salaried IT Employees,Female,Single,99288,4916.0,2805.0,4.95,57.06,605
710,CUST0868,21-24,Chennai,Freelancers,Female,Married,36912,1861.0,1522.0,5.04,81.78,417
711,CUST0870,21-24,Bengaluru,Business Owners,Female,Single,36176,1364.0,161.0,3.77,11.8,496
712,CUST0871,45+,Bengaluru,Salaried IT Employees,Male,Single,123516,4513.0,3913.0,3.65,86.71,677
713,CUST0873,25-34,Chennai,Salaried Other Employees,Female,Married,52670,2933.0,1830.0,5.57,62.39,462
714,CUST0874,45+,Mumbai,Salaried Other Employees,Male,Married,121378,4464.0,1521.0,3.68,34.07,710
715,CUST0875,21-24,Chennai,Salaried IT Employees,Male,Single,27262,1098.0,967.0,4.03,88.07,409
716,CUST0876,35-45,Hyderabad,Salaried IT Employees,Female,Married,83885,4846.0,1638.0,5.78,33.8,563
717,CUST0877,25-34,Hyderabad,Business Owners,Female,Married,45111,1606.0,1090.0,3.56,67.87,483
718,CUST0878,21-24,Delhi-NCR,Government Employees,Female,Married,37218,782.0,742.0,2.1,94.88,474
719,CUST0879,35-45,Chennai,Salaried Other Employees,Male,Single,87456,6027.0,3367.0,6.89,55.87,531
720,CUST0880,21-24,Bengaluru,Government Employees,Male,Single,26111,440.0,340.0,1.69,77.27,466
721,CUST0881,35-45,Hyderabad,Business Owners,Male,Married,83293,4945.0,2484.0,5.94,50.23,545
722,CUST0882,25-34,Hyderabad,Salaried Other Employees,Male,Married,58797,3288.0,2684.0,5.59,81.63,464
723,CUST0883,25-34,Delhi-NCR,Salaried Other Employees,Male,Married,41059,2288.0,2851.0,5.57,124.61,384
724,CUST0885,35-45,Hyderabad,Salaried Other Employees,Male,Single,107268,5168.0,3596.0,4.82,69.58,620
725,CUST0886,45+,Mumbai,Salaried Other Employees,Female,Single,148400,6448.0,6845.0,4.35,106.16,714
726,CUST0887,25-34,Bengaluru,Business Owners,Female,Married,72584,4242.0,2958.0,5.84,69.73,504
727,CUST0888,45+,Chennai,Freelancers,Female,Married,158612,7924.0,7869.0,5.0,99.31,732
728,CUST0889,45+,Delhi-NCR,Business Owners,Male,Married,137924,8525.0,5299.0,6.18,62.16,678
729,CUST0890,21-24,Mumbai,Salaried IT Employees,Male,Married,29148,1523.0,768.0,5.23,50.43,416
730,CUST0891,21-24,Mumbai,Freelancers,Female,Single,38406,2089.0,1718.0,5.44,82.24,412
731,CUST0892,21-24,Chennai,Freelancers,Female,Single,35524,1737.0,1082.0,4.89,62.29,432
732,CUST0893,35-45,Delhi-NCR,Salaried IT Employees,Female,Married,95970,3016.0,1360.0,3.14,45.09,646
733,CUST0894,25-34,Hyderabad,Government Employees,Female,Single,79677,4132.0,1724.0,5.19,41.72,559
734,CUST0895,25-34,Delhi-NCR,Salaried IT Employees,Female,Married,48523,3092.0,2397.0,6.37,77.52,422
735,CUST0897,21-24,Chennai,Salaried IT Employees,Female,Married,26276,964.0,1820.0,3.67,188.8,339
736,CUST0898,35-45,Chennai,Salaried IT Employees,Male,Married,104825,3997.0,2867.0,3.81,71.73,635
737,CUST0899,25-34,Mumbai,Freelancers,Female,Single,61372,2509.0,665.0,4.09,26.5,546
738,CUST0900,35-45,Mumbai,Salaried Other Employees,Female,Married,80587,6276.0,563.0,7.79,8.97,528
739,CUST0901,21-24,Mumbai,Salaried Other Employees,Male,Married,31084,1544.0,926.0,4.97,59.97,420
740,CUST0903,25-34,Hyderabad,Government Employees,Female,Single,76538,2981.0,2564.0,3.89,86.01,546
741,CUST0904,45+,Chennai,Business Owners,Female,Married,153102,10865.0,4986.0,7.1,45.89,710
742,CUST0906,21-24,Mumbai,Freelancers,Female,Single,37494,1963.0,1799.0,5.24,91.65,407
743,CUST0907,21-24,Delhi-NCR,Salaried Other Employees,Female,Single,31574,2005.0,781.0,6.35,38.95,406
744,CUST0908,45+,Mumbai,Freelancers,Male,Married,124067,7752.0,6940.0,6.25,89.53,618
745,CUST0909,21-24,Delhi-NCR,Government Employees,Male,Single,28912,1419.0,1669.0,4.91,117.62,372
746,CUST0910,25-34,Hyderabad,Government Employees,Male,Married,66858,2550.0,1569.0,3.81,61.53,540
747,CUST0911,25-34,Hyderabad,Freelancers,Female,Married,44320,1235.0,734.0,2.79,59.43,504
748,CUST0915,35-45,Hyderabad,Business Owners,Female,Single,88278,4274.0,3601.0,4.84,84.25,558
749,CUST0918,25-34,Mumbai,Salaried IT Employees,Male,Single,61798,3729.0,3494.0,6.03,93.7,453
750,CUST0919,21-24,Chennai,Freelancers,Female,Married,30717,1500.0,1213.0,4.88,80.87,405
751,CUST0920,35-45,Bengaluru,Government Employees,Male,Married,116996,6514.0,4394.0,5.57,67.45,631
752,CUST0922,21-24,Bengaluru,Salaried IT Employees,Male,Married,32077,1497.0,1072.0,4.67,71.61,420
753,CUST0925,21-24,Hyderabad,Freelancers,Male,Married,23818,1358.0,689.0,5.7,50.74,391
754,CUST0926,45+,Mumbai,Government Employees,Male,Married,148697,7520.0,4487.0,5.06,59.67,734
755,CUST0927,35-45,Chennai,Salaried Other Employees,Female,Single,90886,4934.0,4207.0,5.43,85.27,551
756,CUST0929,21-24,Hyderabad,Salaried Other Employees,Female,Single,24221,631.0,690.0,2.61,109.35,417
757,CUST0931,21-24,Bengaluru,Salaried IT Employees,Male,Married,32824,1378.0,1836.0,4.2,133.24,386
758,CUST0932,35-45,Delhi-NCR,Freelancers,Female,Single,83172,4945.0,1887.0,5.95,38.16,554
759,CUST0933,25-34,Bengaluru,Freelancers,Female,Single,66036,3324.0,1042.0,5.03,31.35,534
760,CUST0934,21-24,Bengaluru,Government Employees,Female,Single,35313,1309.0,183.0,3.71,13.98,494
761,CUST0935,35-45,Delhi-NCR,Salaried Other Employees,Male,Married,80530,4579.0,1825.0,5.69,39.86,551
762,CUST0936,25-34,Hyderabad,Salaried Other Employees,Male,Single,46880,2310.0,1333.0,4.93,57.71,465
763,CUST0937,21-24,Delhi-NCR,Government Employees,Female,Married,39504,1691.0,1691.0,4.28,100.0,428
764,CUST0938,35-45,Delhi-NCR,Salaried Other Employees,Female,Single,94642,2284.0,3119.0,2.41,136.56,590
765,CUST0939,35-45,Chennai,Salaried IT Employees,Male,Single,118485,6881.0,3726.0,5.81,54.15,640
766,CUST0941,45+,Chennai,Salaried IT Employees,Female,Married,137737,12779.0,6859.0,9.28,53.67,614
767,CUST0942,45+,Hyderabad,Freelancers,Male,Married,128133,5917.0,1440.0,4.62,24.34,715
768,CUST0943,25-34,Delhi-NCR,Salaried IT Employees,Male,Married,63874,4216.0,2190.0,6.6,51.94,477
769,CUST0944,25-34,Mumbai,Salaried IT Employees,Male,Single,46441,2322.0,1620.0,5.0,69.77,453
770,CUST0945,21-24,Delhi-NCR,Salaried IT Employees,Male,Single,30217,640.0,462.0,2.12,72.19,472
771,CUST0946,45+,Hyderabad,Business Owners,Male,Single,129151,4691.0,4579.0,3.63,97.61,684
772,CUST0947,21-24,Chennai,Salaried IT Employees,Female,Single,25974,1772.0,1312.0,6.82,74.04,354
773,CUST0950,21-24,Hyderabad,Freelancers,Male,Married,29208,1663.0,1062.0,5.69,63.86,396
774,CUST0952,21-24,Chennai,Business Owners,Female,Single,28282,1601.0,1740.0,5.66,108.68,360
775,CUST0953,35-45,Chennai,Freelancers,Female,Married,82694,3755.0,1734.0,4.54,46.18,578
776,CUST0954,35-45,Delhi-NCR,Salaried IT Employees,Female,Single,96261,4191.0,3238.0,4.35,77.26,595
777,CUST0955,45+,Hyderabad,Salaried Other Employees,Female,Single,142576,4005.0,3759.0,2.81,93.86,742
778,CUST0956,45+,Bengaluru,Salaried Other Employees,Female,Married,122401,6345.0,5113.0,5.18,80.58,645
779,CUST0958,21-24,Delhi-NCR,Government Employees,Male,Single,36795,1595.0,898.0,4.33,56.3,452
780,CUST0959,25-34,Hyderabad,Freelancers,Male,Single,75036,3624.0,2109.0,4.83,58.2,542
781,CUST0962,21-24,Chennai,Government Employees,Female,Married,36836,2640.0,1043.0,7.17,39.51,401
782,CUST0963,35-45,Mumbai,Business Owners,Female,Single,81496,1954.0,2282.0,2.4,116.79,570
783,CUST0964,35-45,Hyderabad,Government Employees,Female,Married,118613,11340.0,6685.0,9.56,58.95,553
784,CUST0965,21-24,Chennai,Salaried Other Employees,Male,Single,24045,1114.0,1061.0,4.63,95.24,382
785,CUST0966,35-45,Bengaluru,Business Owners,Male,Single,98042,9607.0,2438.0,9.8,25.38,518
786,CUST0967,45+,Hyderabad,Government Employees,Female,Married,155545,9545.0,5547.0,6.14,58.11,729
787,CUST0968,45+,Chennai,Salaried Other Employees,Female,Married,156627,1896.0,897.0,1.21,47.31,850
788,CUST0969,45+,Hyderabad,Government Employees,Male,Married,143073,9566.0,8435.0,6.69,88.18,661
789,CUST0970,45+,Chennai,Freelancers,Female,Married,132470,6257.0,986.0,4.72,15.76,731
790,CUST0971,35-45,Hyderabad,Salaried Other Employees,Male,Single,91538,7567.0,6705.0,8.27,88.61,487
791,CUST0972,25-34,Bengaluru,Freelancers,Female,Married,53775,3369.0,3016.0,6.26,89.52,430
792,CUST0973,45+,Delhi-NCR,Salaried IT Employees,Male,Single,151527,4859.0,3862.0,3.21,79.48,768
793,CUST0975,35-45,Chennai,Government Employees,Female,Married,95170,6530.0,3367.0,6.86,51.56,556
794,CUST0976,35-45,Bengaluru,Salaried IT Employees,Female,Single,107640,7902.0,3361.0,7.34,42.53,585
795,CUST0977,21-24,Delhi-NCR,Freelancers,Male,Single,31576,3190.0,858.0,10.1,26.9,331
796,CUST0979,21-24,Chennai,Government Employees,Female,Single,24597,806.0,360.0,3.28,44.67,451
797,CUST0981,25-34,Hyderabad,Salaried IT Employees,Female,Married,70757,1458.0,1326.0,2.06,90.95,568
798,CUST0982,35-45,Chennai,Salaried IT Employees,Female,Married,91819,2725.0,695.0,2.97,25.5,653
799,CUST0983,35-45,Chennai,Salaried Other Employees,Male,Single,106679,8950.0,4118.0,8.39,46.01,557
800,CUST0984,21-24,Hyderabad,Salaried Other Employees,Female,Married,32876,1444.0,1251.0,4.39,86.63,417
801,CUST0985,21-24,Bengaluru,Business Owners,Female,Single,26575,1554.0,729.0,5.85,46.91,398
802,CUST0986,35-45,Delhi-NCR,Salaried Other Employees,Female,Single,112292,3779.0,2050.0,3.37,54.25,678
803,CUST0987,35-45,Chennai,Freelancers,Male,Single,116703,6823.0,3964.0,5.85,58.1,631
804,CUST0988,35-45,Hyderabad,Salaried Other Employees,Female,Married,89052,5940.0,5918.0,6.67,99.63,507
805,CUST0989,45+,Chennai,Salaried Other Employees,Male,Married,158412,6918.0,5902.0,4.37,85.31,756
806,CUST0990,45+,Hyderabad,Business Owners,Female,Married,130545,8104.0,4455.0,6.21,54.97,663
807,CUST0991,25-34,Chennai,Freelancers,Male,Single,44735,2112.0,1321.0,4.72,62.55,460
808,CUST0992,45+,Mumbai,Salaried IT Employees,Female,Single,149608,6982.0,1583.0,4.67,22.67,773
809,CUST0994,45+,Delhi-NCR,Salaried IT Employees,Male,Married,147010,4187.0,1796.0,2.85,42.89,791
810,CUST0995,21-24,Bengaluru,Salaried Other Employees,Female,Single,31004,3030.0,2315.0,9.77,76.4,300
811,CUST0996,35-45,Bengaluru,Salaried IT Employees,Female,Single,85550,3788.0,4290.0,4.43,113.25,538
812,CUST0997,45+,Delhi-NCR,Salaried Other Employees,Female,Married,122697,5175.0,1282.0,4.22,24.77,709
813,CUST0999,21-24,Mumbai,Salaried Other Employees,Female,Single,21849,1210.0,1265.0,5.54,104.55,349
814,CUST1000,21-24,Hyderabad,Salaried Other Employees,Male,Married,25268,1838.0,733.0,7.27,39.88,368
